row_id,standard,title,repository,status,message,resolved_url,local_path,sha256,timestamp
1,W.01,View of the Palace and Gardens of Versailles,Rijksmuseum,ACCESS_BLOCKED,"Rijksmuseum Collection API requires a registered Rijksstudio API key (none available in this environment); the public web search UI is JavaScript-rendered and its search endpoint is disallowed by rijksmuseum.nl/robots.txt for automated/API access, so the exact object cannot be deterministically resolved without credentials.",,,,2026-08-02T20:00:16.101083Z
2,W.01,Portrait of Peter the Great of Russia,Rijksmuseum,ACCESS_BLOCKED,"Rijksmuseum Collection API requires a registered Rijksstudio API key (none available in this environment); the public web search UI is JavaScript-rendered and its search endpoint is disallowed by rijksmuseum.nl/robots.txt for automated/API access, so the exact object cannot be deterministically resolved without credentials.",,,,2026-08-02T20:00:16.108493Z
4,W.02,English Bill of Rights (1689),"Avalon Project, Yale Law School",SUCCESS,"Downloaded + validated (22057 bytes, html).",https://avalon.law.yale.edu/17th_century/england.asp,/home/user/workspace/primary_source_pipeline/assets/W.02/W.02_english_bill_of_rights_1689.html,4738367d8a81826f1eb24377deb0f5d80a9c96351087b09a3fe3b384ec304423,2026-08-02T20:00:16.246052Z
6,W.03,Two Treatises of Government,HathiTrust Digital Library,ACCESS_BLOCKED,"HathiTrust catalog and full-text search endpoints are behind an interactive Cloudflare bot-challenge (verified via direct HTTP probe returning a JS challenge page), which blocks deterministic automated resolution and full-volume download without a browser session/credentials.",,,,2026-08-02T20:00:16.247552Z
7,W.03,Leviathan (frontispiece and text),HathiTrust Digital Library,ACCESS_BLOCKED,"HathiTrust catalog and full-text search endpoints are behind an interactive Cloudflare bot-challenge (verified via direct HTTP probe returning a JS challenge page), which blocks deterministic automated resolution and full-volume download without a browser session/credentials.",,,,2026-08-02T20:00:16.248781Z
8,W.03,The Social Contract / The Spirit of the Laws,HathiTrust Digital Library,ACCESS_BLOCKED,"HathiTrust catalog and full-text search endpoints are behind an interactive Cloudflare bot-challenge (verified via direct HTTP probe returning a JS challenge page), which blocks deterministic automated resolution and full-volume download without a browser session/credentials.",,,,2026-08-02T20:00:16.250317Z
9,W.04,The Execution of King Charles I (1649),Rijksmuseum,ACCESS_BLOCKED,"Rijksmuseum Collection API requires a registered Rijksstudio API key (none available in this environment); the public web search UI is JavaScript-rendered and its search endpoint is disallowed by rijksmuseum.nl/robots.txt for automated/API access, so the exact object cannot be deterministically resolved without credentials.",,,,2026-08-02T20:00:16.251593Z
3,W.02,Magna Carta (1215),"Avalon Project, Yale Law School",SUCCESS,"Downloaded + validated (35612 bytes, html).",https://avalon.law.yale.edu/medieval/magna.asp,/home/user/workspace/primary_source_pipeline/assets/W.02/W.02_magna_carta_1215.html,3f56ff98d6b827c81706d2a6ebeb19408e5a2f8bad2a242e06cdc5857541f9fa,2026-08-02T20:00:16.257827Z
11,W.05,"""A faut esperer q'eu jeu la finira bentot"" (The Third Estate)",Library of Congress,SUCCESS,"Downloaded + validated (231642 bytes, jpg, 778x1024).",https://tile.loc.gov/storage-services/service/pnp/ppmsca/05800/05897v.jpg#h=1024&w=778,/home/user/workspace/primary_source_pipeline/assets/W.05/W.05_a_faut_esperer_q_eu_jeu_la_finira_bentot_the_third_estate.jpg,8289be855115e0c83525053ce13960bcce78552fa08243d63cc54a2670b43baa,2026-08-02T20:00:16.504716Z
12,W.05,Declaration of the Rights of Man and of the Citizen (1789),"Avalon Project, Yale Law School",SUCCESS,"Downloaded + validated (9934 bytes, html).",https://avalon.law.yale.edu/18th_century/rightsof.asp,/home/user/workspace/primary_source_pipeline/assets/W.05/W.05_declaration_of_the_rights_of_man_and_of_the_citizen_1789.html,3bfed181297e3677aa3374b532365d77fed5e9172f6bc4a81c384f0208a7692d,2026-08-02T20:00:16.627818Z
13,W.05,What Is the Third Estate?,HathiTrust Digital Library,ACCESS_BLOCKED,"HathiTrust catalog and full-text search endpoints are behind an interactive Cloudflare bot-challenge (verified via direct HTTP probe returning a JS challenge page), which blocks deterministic automated resolution and full-volume download without a browser session/credentials.",,,,2026-08-02T20:00:16.629409Z
14,W.06,"The Storming of the Bastille, 14 July 1789",Rijksmuseum,ACCESS_BLOCKED,"Rijksmuseum Collection API requires a registered Rijksstudio API key (none available in this environment); the public web search UI is JavaScript-rendered and its search endpoint is disallowed by rijksmuseum.nl/robots.txt for automated/API access, so the exact object cannot be deterministically resolved without credentials.",,,,2026-08-02T20:00:16.630694Z
15,W.06,"The Execution of Louis XVI, January 1793",Rijksmuseum,ACCESS_BLOCKED,"Rijksmuseum Collection API requires a registered Rijksstudio API key (none available in this environment); the public web search UI is JavaScript-rendered and its search endpoint is disallowed by rijksmuseum.nl/robots.txt for automated/API access, so the exact object cannot be deterministically resolved without credentials.",,,,2026-08-02T20:00:16.632238Z
0,W.01,"Portrait of Louis XIV (""the Sun King"")",The Metropolitan Museum of Art,BROKEN_LINK,"No Met object matched required title tokens ['king', 'louis', 'sun', 'xiv'] AND creator tokens ['hyacinthe', 'rigaud'] for query 'Louis XIV Rigaud' within first 25 probed candidates (out of 886 total search hits).",,,,2026-08-02T20:00:23.256825Z
10,W.04,Portrait of Oliver Cromwell,The Metropolitan Museum of Art,BROKEN_LINK,"No Met object matched required title tokens ['cromwell', 'oliver'] AND creator tokens ['cooper', 'robert', 'samuel', 'walker'] for query 'Oliver Cromwell portrait' within first 25 probed candidates (out of 298 total search hits).",,,,2026-08-02T20:00:23.547613Z
17,W.07,Napoleon Bonaparte (portrait),The Metropolitan Museum of Art,BROKEN_LINK,"No Met object matched required title tokens ['bonaparte', 'napoleon'] AND creator tokens ['david', 'ingres'] for query 'Napoleon Bonaparte portrait' within first 25 probed candidates (out of 432 total search hits).",,,,2026-08-02T20:00:34.649538Z
19,W.08,Declaration of Independence (1776),U.S. National Archives (NARA),SUCCESS,"Downloaded + validated (50145 bytes, html).",https://www.archives.gov/founding-docs/declaration-transcript,/home/user/workspace/primary_source_pipeline/assets/W.08/W.08_declaration_of_independence_1776.html,b93167b4631cadd94b03b23cb26baff76e8d772ee1e6c35259339d8d31e644a4,2026-08-02T20:00:34.837694Z
20,W.08,Declaration of the Rights of Man and of the Citizen (1789),"Avalon Project, Yale Law School",SUCCESS,"Downloaded + validated (9934 bytes, html).",https://avalon.law.yale.edu/18th_century/rightsof.asp,/home/user/workspace/primary_source_pipeline/assets/W.08/W.08_declaration_of_the_rights_of_man_and_of_the_citizen_1789.html,3bfed181297e3677aa3374b532365d77fed5e9172f6bc4a81c384f0208a7692d,2026-08-02T20:00:35.026451Z
5,W.02,Magna Carta (original engrossment),Library of Congress,ACCESS_BLOCKED,"Ambiguous LOC match: 2 items tie on title overlap for 'Magna Carta (original engrossment)' (query='Magna Carta'). URLs: ['https://www.loc.gov/item/library-publications/magna-carta/', 'https://www.loc.gov/item/2021689514/']",,,,2026-08-02T20:00:41.394316Z
22,W.09,"Code Napoléon (French Civil Code, 1804)",HathiTrust Digital Library,ACCESS_BLOCKED,"HathiTrust catalog and full-text search endpoints are behind an interactive Cloudflare bot-challenge (verified via direct HTTP probe returning a JS challenge page), which blocks deterministic automated resolution and full-volume download without a browser session/credentials.",,,,2026-08-02T20:00:41.395969Z
23,W.09,Congress of Vienna (1815) — print,Rijksmuseum,ACCESS_BLOCKED,"Rijksmuseum Collection API requires a registered Rijksstudio API key (none available in this environment); the public web search UI is JavaScript-rendered and its search endpoint is disallowed by rijksmuseum.nl/robots.txt for automated/API access, so the exact object cannot be deterministically resolved without credentials.",,,,2026-08-02T20:00:41.397500Z
16,W.06,"French Revolution prints (Bastille, Terror, Napoleon)",Library of Congress,ACCESS_BLOCKED,"Ambiguous LOC match: 3 items tie on title overlap for 'French Revolution prints (Bastille, Terror, Napoleon)' (query='French Revolution prints (Bastille, Terror, Napoleon)'). URLs: ['https://www.loc.gov/item/17008744/', 'https://www.loc.gov/item/13003679/', 'https://www.loc.gov/item/13006084/']",,,,2026-08-02T20:00:44.850981Z
21,W.09,Haitian Declaration of Independence (1804),Library of Congress,ACCESS_BLOCKED,"Ambiguous LOC match: 3 items tie on title overlap for 'Haitian Declaration of Independence (1804)' (query='Haitian Declaration of Independence (1804)'). URLs: ['https://www.loc.gov/item/02005254/', 'https://www.loc.gov/item/2025857408/', 'https://www.loc.gov/item/2024876325/']",,,,2026-08-02T20:00:47.383750Z
18,W.07,Map of the Napoleonic Empire / Russian Campaign of 1812,Library of Congress,ACCESS_BLOCKED,"Ambiguous LOC match: 6 items tie on title overlap for 'Map of the Napoleonic Empire / Russian Campaign of 1812' (query='Map of the Napoleonic Empire / Russian Campaign of 1812'). URLs: ['https://www.loc.gov/item/04011194/', 'https://www.loc.gov/item/13001682/', 'https://www.loc.gov/item/12019695/', 'https://www.loc.gov/item/04011385/', 'https://www.loc.gov/item/04017311/', 'https://www.loc.gov/item/04011187/']",,,,2026-08-02T20:01:03.428827Z
0,W.01,"Portrait of Louis XIV (""the Sun King"")",The Metropolitan Museum of Art,BROKEN_LINK,Skipped (already terminal; resume-safe).,,,,2026-08-02T20:01:52.204577Z
1,W.01,View of the Palace and Gardens of Versailles,Rijksmuseum,ACCESS_BLOCKED,Skipped (already terminal; resume-safe).,,,,2026-08-02T20:01:52.204911Z
4,W.02,English Bill of Rights (1689),"Avalon Project, Yale Law School",SUCCESS,Skipped (already terminal; resume-safe).,,,,2026-08-02T20:01:52.207890Z
6,W.03,Two Treatises of Government,HathiTrust Digital Library,ACCESS_BLOCKED,Skipped (already terminal; resume-safe).,,,,2026-08-02T20:01:52.208227Z
2,W.01,Portrait of Peter the Great of Russia,Rijksmuseum,ACCESS_BLOCKED,Skipped (already terminal; resume-safe).,,,,2026-08-02T20:01:52.208301Z
7,W.03,Leviathan (frontispiece and text),HathiTrust Digital Library,ACCESS_BLOCKED,Skipped (already terminal; resume-safe).,,,,2026-08-02T20:01:52.208837Z
8,W.03,The Social Contract / The Spirit of the Laws,HathiTrust Digital Library,ACCESS_BLOCKED,Skipped (already terminal; resume-safe).,,,,2026-08-02T20:01:52.209034Z
9,W.04,The Execution of King Charles I (1649),Rijksmuseum,ACCESS_BLOCKED,Skipped (already terminal; resume-safe).,,,,2026-08-02T20:01:52.209105Z
10,W.04,Portrait of Oliver Cromwell,The Metropolitan Museum of Art,BROKEN_LINK,Skipped (already terminal; resume-safe).,,,,2026-08-02T20:01:52.209537Z
11,W.05,"""A faut esperer q'eu jeu la finira bentot"" (The Third Estate)",Library of Congress,SUCCESS,Skipped (already terminal; resume-safe).,,,,2026-08-02T20:01:52.209547Z
3,W.02,Magna Carta (1215),"Avalon Project, Yale Law School",SUCCESS,Skipped (already terminal; resume-safe).,,,,2026-08-02T20:01:52.209672Z
12,W.05,Declaration of the Rights of Man and of the Citizen (1789),"Avalon Project, Yale Law School",SUCCESS,Skipped (already terminal; resume-safe).,,,,2026-08-02T20:01:52.209820Z
13,W.05,What Is the Third Estate?,HathiTrust Digital Library,ACCESS_BLOCKED,Skipped (already terminal; resume-safe).,,,,2026-08-02T20:01:52.210202Z
5,W.02,Magna Carta (original engrossment),Library of Congress,ACCESS_BLOCKED,Skipped (already terminal; resume-safe).,,,,2026-08-02T20:01:52.210318Z
15,W.06,"The Execution of Louis XVI, January 1793",Rijksmuseum,ACCESS_BLOCKED,Skipped (already terminal; resume-safe).,,,,2026-08-02T20:01:52.210595Z
16,W.06,"French Revolution prints (Bastille, Terror, Napoleon)",Library of Congress,ACCESS_BLOCKED,Skipped (already terminal; resume-safe).,,,,2026-08-02T20:01:52.210640Z
14,W.06,"The Storming of the Bastille, 14 July 1789",Rijksmuseum,ACCESS_BLOCKED,Skipped (already terminal; resume-safe).,,,,2026-08-02T20:01:52.211161Z
19,W.08,Declaration of Independence (1776),U.S. National Archives (NARA),SUCCESS,Skipped (already terminal; resume-safe).,,,,2026-08-02T20:01:52.211173Z
17,W.07,Napoleon Bonaparte (portrait),The Metropolitan Museum of Art,BROKEN_LINK,Skipped (already terminal; resume-safe).,,,,2026-08-02T20:01:52.211192Z
21,W.09,Haitian Declaration of Independence (1804),Library of Congress,ACCESS_BLOCKED,Skipped (already terminal; resume-safe).,,,,2026-08-02T20:01:52.211770Z
22,W.09,"Code Napoléon (French Civil Code, 1804)",HathiTrust Digital Library,ACCESS_BLOCKED,Skipped (already terminal; resume-safe).,,,,2026-08-02T20:01:52.211804Z
20,W.08,Declaration of the Rights of Man and of the Citizen (1789),"Avalon Project, Yale Law School",SUCCESS,Skipped (already terminal; resume-safe).,,,,2026-08-02T20:01:52.211834Z
23,W.09,Congress of Vienna (1815) — print,Rijksmuseum,ACCESS_BLOCKED,Skipped (already terminal; resume-safe).,,,,2026-08-02T20:01:52.212199Z
18,W.07,Map of the Napoleonic Empire / Russian Campaign of 1812,Library of Congress,ACCESS_BLOCKED,Skipped (already terminal; resume-safe).,,,,2026-08-02T20:01:52.212210Z
3,W.02,Magna Carta (1215),"Avalon Project, Yale Law School",UPLOADED,Asset and citation sidecar uploaded and size-verified.,https://avalon.law.yale.edu/medieval/magna.asp,/home/user/workspace/primary_source_pipeline/assets/W.02/W.02_magna_carta_1215.html,3f56ff98d6b827c81706d2a6ebeb19408e5a2f8bad2a242e06cdc5857541f9fa,2026-08-02T20:08:08.285297Z
3,W.02,Magna Carta (1215),"Avalon Project, Yale Law School",SUCCESS,Drive upload complete and verified.,https://avalon.law.yale.edu/medieval/magna.asp,/home/user/workspace/primary_source_pipeline/assets/W.02/W.02_magna_carta_1215.html,3f56ff98d6b827c81706d2a6ebeb19408e5a2f8bad2a242e06cdc5857541f9fa,2026-08-02T20:08:08.285665Z
4,W.02,English Bill of Rights (1689),"Avalon Project, Yale Law School",UPLOADED,Asset and citation sidecar uploaded and size-verified.,https://avalon.law.yale.edu/17th_century/england.asp,/home/user/workspace/primary_source_pipeline/assets/W.02/W.02_english_bill_of_rights_1689.html,4738367d8a81826f1eb24377deb0f5d80a9c96351087b09a3fe3b384ec304423,2026-08-02T20:08:13.219515Z
4,W.02,English Bill of Rights (1689),"Avalon Project, Yale Law School",SUCCESS,Drive upload complete and verified.,https://avalon.law.yale.edu/17th_century/england.asp,/home/user/workspace/primary_source_pipeline/assets/W.02/W.02_english_bill_of_rights_1689.html,4738367d8a81826f1eb24377deb0f5d80a9c96351087b09a3fe3b384ec304423,2026-08-02T20:08:13.219797Z
11,W.05,"""A faut esperer q'eu jeu la finira bentot"" (The Third Estate)",Library of Congress,UPLOADED,Asset and citation sidecar uploaded and size-verified.,https://tile.loc.gov/storage-services/service/pnp/ppmsca/05800/05897v.jpg#h=1024&w=778,/home/user/workspace/primary_source_pipeline/assets/W.05/W.05_a_faut_esperer_q_eu_jeu_la_finira_bentot_the_third_estate.jpg,8289be855115e0c83525053ce13960bcce78552fa08243d63cc54a2670b43baa,2026-08-02T20:08:19.457578Z
11,W.05,"""A faut esperer q'eu jeu la finira bentot"" (The Third Estate)",Library of Congress,SUCCESS,Drive upload complete and verified.,https://tile.loc.gov/storage-services/service/pnp/ppmsca/05800/05897v.jpg#h=1024&w=778,/home/user/workspace/primary_source_pipeline/assets/W.05/W.05_a_faut_esperer_q_eu_jeu_la_finira_bentot_the_third_estate.jpg,8289be855115e0c83525053ce13960bcce78552fa08243d63cc54a2670b43baa,2026-08-02T20:08:19.457932Z
12,W.05,Declaration of the Rights of Man and of the Citizen (1789),"Avalon Project, Yale Law School",UPLOADED,Asset and citation sidecar uploaded and size-verified.,https://avalon.law.yale.edu/18th_century/rightsof.asp,/home/user/workspace/primary_source_pipeline/assets/W.05/W.05_declaration_of_the_rights_of_man_and_of_the_citizen_1789.html,3bfed181297e3677aa3374b532365d77fed5e9172f6bc4a81c384f0208a7692d,2026-08-02T20:08:24.416651Z
12,W.05,Declaration of the Rights of Man and of the Citizen (1789),"Avalon Project, Yale Law School",SUCCESS,Drive upload complete and verified.,https://avalon.law.yale.edu/18th_century/rightsof.asp,/home/user/workspace/primary_source_pipeline/assets/W.05/W.05_declaration_of_the_rights_of_man_and_of_the_citizen_1789.html,3bfed181297e3677aa3374b532365d77fed5e9172f6bc4a81c384f0208a7692d,2026-08-02T20:08:24.416932Z
19,W.08,Declaration of Independence (1776),U.S. National Archives (NARA),UPLOADED,Asset and citation sidecar uploaded and size-verified.,https://www.archives.gov/founding-docs/declaration-transcript,/home/user/workspace/primary_source_pipeline/assets/W.08/W.08_declaration_of_independence_1776.html,b93167b4631cadd94b03b23cb26baff76e8d772ee1e6c35259339d8d31e644a4,2026-08-02T20:08:29.814624Z
19,W.08,Declaration of Independence (1776),U.S. National Archives (NARA),SUCCESS,Drive upload complete and verified.,https://www.archives.gov/founding-docs/declaration-transcript,/home/user/workspace/primary_source_pipeline/assets/W.08/W.08_declaration_of_independence_1776.html,b93167b4631cadd94b03b23cb26baff76e8d772ee1e6c35259339d8d31e644a4,2026-08-02T20:08:29.814929Z
20,W.08,Declaration of the Rights of Man and of the Citizen (1789),"Avalon Project, Yale Law School",UPLOADED,Asset and citation sidecar uploaded and size-verified.,https://avalon.law.yale.edu/18th_century/rightsof.asp,/home/user/workspace/primary_source_pipeline/assets/W.08/W.08_declaration_of_the_rights_of_man_and_of_the_citizen_1789.html,3bfed181297e3677aa3374b532365d77fed5e9172f6bc4a81c384f0208a7692d,2026-08-02T20:08:34.529473Z
20,W.08,Declaration of the Rights of Man and of the Citizen (1789),"Avalon Project, Yale Law School",SUCCESS,Drive upload complete and verified.,https://avalon.law.yale.edu/18th_century/rightsof.asp,/home/user/workspace/primary_source_pipeline/assets/W.08/W.08_declaration_of_the_rights_of_man_and_of_the_citizen_1789.html,3bfed181297e3677aa3374b532365d77fed5e9172f6bc4a81c384f0208a7692d,2026-08-02T20:08:34.529798Z
0,W.01,"Portrait of Louis XIV (""the Sun King"")",The Metropolitan Museum of Art,BROKEN_LINK,Skipped (already terminal; resume-safe).,,,,2026-08-02T20:08:47.501776Z
1,W.01,View of the Palace and Gardens of Versailles,Rijksmuseum,ACCESS_BLOCKED,Skipped (already terminal; resume-safe).,,,,2026-08-02T20:08:47.502104Z
2,W.01,Portrait of Peter the Great of Russia,Rijksmuseum,ACCESS_BLOCKED,Skipped (already terminal; resume-safe).,,,,2026-08-02T20:08:47.502574Z
4,W.02,English Bill of Rights (1689),"Avalon Project, Yale Law School",SUCCESS,Skipped (already terminal; resume-safe).,,,,2026-08-02T20:08:47.502878Z
3,W.02,Magna Carta (1215),"Avalon Project, Yale Law School",SUCCESS,Skipped (already terminal; resume-safe).,,,,2026-08-02T20:08:47.503284Z
5,W.02,Magna Carta (original engrossment),Library of Congress,ACCESS_BLOCKED,Skipped (already terminal; resume-safe).,,,,2026-08-02T20:08:47.503711Z
8,W.03,The Social Contract / The Spirit of the Laws,HathiTrust Digital Library,ACCESS_BLOCKED,Skipped (already terminal; resume-safe).,,,,2026-08-02T20:08:47.503988Z
6,W.03,Two Treatises of Government,HathiTrust Digital Library,ACCESS_BLOCKED,Skipped (already terminal; resume-safe).,,,,2026-08-02T20:08:47.504265Z
7,W.03,Leviathan (frontispiece and text),HathiTrust Digital Library,ACCESS_BLOCKED,Skipped (already terminal; resume-safe).,,,,2026-08-02T20:08:47.504623Z
9,W.04,The Execution of King Charles I (1649),Rijksmuseum,ACCESS_BLOCKED,Skipped (already terminal; resume-safe).,,,,2026-08-02T20:08:47.507174Z
13,W.05,What Is the Third Estate?,HathiTrust Digital Library,ACCESS_BLOCKED,Skipped (already terminal; resume-safe).,,,,2026-08-02T20:08:47.507488Z
14,W.06,"The Storming of the Bastille, 14 July 1789",Rijksmuseum,ACCESS_BLOCKED,Skipped (already terminal; resume-safe).,,,,2026-08-02T20:08:47.507810Z
15,W.06,"The Execution of Louis XVI, January 1793",Rijksmuseum,ACCESS_BLOCKED,Skipped (already terminal; resume-safe).,,,,2026-08-02T20:08:47.508097Z
16,W.06,"French Revolution prints (Bastille, Terror, Napoleon)",Library of Congress,ACCESS_BLOCKED,Skipped (already terminal; resume-safe).,,,,2026-08-02T20:08:47.508395Z
17,W.07,Napoleon Bonaparte (portrait),The Metropolitan Museum of Art,BROKEN_LINK,Skipped (already terminal; resume-safe).,,,,2026-08-02T20:08:47.508666Z
18,W.07,Map of the Napoleonic Empire / Russian Campaign of 1812,Library of Congress,ACCESS_BLOCKED,Skipped (already terminal; resume-safe).,,,,2026-08-02T20:08:47.508932Z
19,W.08,Declaration of Independence (1776),U.S. National Archives (NARA),SUCCESS,Skipped (already terminal; resume-safe).,,,,2026-08-02T20:08:47.509219Z
20,W.08,Declaration of the Rights of Man and of the Citizen (1789),"Avalon Project, Yale Law School",SUCCESS,Skipped (already terminal; resume-safe).,,,,2026-08-02T20:08:47.509538Z
10,W.04,Portrait of Oliver Cromwell,The Metropolitan Museum of Art,BROKEN_LINK,Skipped (already terminal; resume-safe).,,,,2026-08-02T20:08:47.509868Z
22,W.09,"Code Napoléon (French Civil Code, 1804)",HathiTrust Digital Library,ACCESS_BLOCKED,Skipped (already terminal; resume-safe).,,,,2026-08-02T20:08:47.510144Z
23,W.09,Congress of Vienna (1815) — print,Rijksmuseum,ACCESS_BLOCKED,Skipped (already terminal; resume-safe).,,,,2026-08-02T20:08:47.510416Z
21,W.09,Haitian Declaration of Independence (1804),Library of Congress,ACCESS_BLOCKED,Skipped (already terminal; resume-safe).,,,,2026-08-02T20:08:47.511113Z
11,W.05,"""A faut esperer q'eu jeu la finira bentot"" (The Third Estate)",Library of Congress,SUCCESS,Skipped (already terminal; resume-safe).,,,,2026-08-02T20:08:47.511484Z
12,W.05,Declaration of the Rights of Man and of the Citizen (1789),"Avalon Project, Yale Law School",SUCCESS,Skipped (already terminal; resume-safe).,,,,2026-08-02T20:08:47.511945Z
0,W.01,"Portrait of Louis XIV (""the Sun King"")",The Metropolitan Museum of Art,BROKEN_LINK,Skipped (already terminal; resume-safe).,,,,2026-08-02T20:31:54.186292Z
1,W.01,View of the Palace and Gardens of Versailles,Rijksmuseum,ACCESS_BLOCKED,Skipped (already terminal; resume-safe).,,,,2026-08-02T20:31:54.186697Z
3,W.02,Magna Carta (1215),"Avalon Project, Yale Law School",SUCCESS,Skipped (already terminal; resume-safe).,,,,2026-08-02T20:31:54.186950Z
4,W.02,English Bill of Rights (1689),"Avalon Project, Yale Law School",SUCCESS,Skipped (already terminal; resume-safe).,,,,2026-08-02T20:31:54.189605Z
5,W.02,Magna Carta (original engrossment),Library of Congress,ACCESS_BLOCKED,Skipped (already terminal; resume-safe).,,,,2026-08-02T20:31:54.189620Z
2,W.01,Portrait of Peter the Great of Russia,Rijksmuseum,ACCESS_BLOCKED,Skipped (already terminal; resume-safe).,,,,2026-08-02T20:31:54.189651Z
8,W.03,The Social Contract / The Spirit of the Laws,HathiTrust Digital Library,ACCESS_BLOCKED,Skipped (already terminal; resume-safe).,,,,2026-08-02T20:31:54.190370Z
6,W.03,Two Treatises of Government,HathiTrust Digital Library,ACCESS_BLOCKED,Skipped (already terminal; resume-safe).,,,,2026-08-02T20:31:54.190398Z
7,W.03,Leviathan (frontispiece and text),HathiTrust Digital Library,ACCESS_BLOCKED,Skipped (already terminal; resume-safe).,,,,2026-08-02T20:31:54.190554Z
10,W.04,Portrait of Oliver Cromwell,The Metropolitan Museum of Art,BROKEN_LINK,Skipped (already terminal; resume-safe).,,,,2026-08-02T20:31:54.191042Z
12,W.05,Declaration of the Rights of Man and of the Citizen (1789),"Avalon Project, Yale Law School",SUCCESS,Skipped (already terminal; resume-safe).,,,,2026-08-02T20:31:54.191262Z
9,W.04,The Execution of King Charles I (1649),Rijksmuseum,ACCESS_BLOCKED,Skipped (already terminal; resume-safe).,,,,2026-08-02T20:31:54.191355Z
11,W.05,"""A faut esperer q'eu jeu la finira bentot"" (The Third Estate)",Library of Congress,SUCCESS,Skipped (already terminal; resume-safe).,,,,2026-08-02T20:31:54.191660Z
16,W.06,"French Revolution prints (Bastille, Terror, Napoleon)",Library of Congress,ACCESS_BLOCKED,Skipped (already terminal; resume-safe).,,,,2026-08-02T20:31:54.191878Z
17,W.07,Napoleon Bonaparte (portrait),The Metropolitan Museum of Art,BROKEN_LINK,Skipped (already terminal; resume-safe).,,,,2026-08-02T20:31:54.192063Z
18,W.07,Map of the Napoleonic Empire / Russian Campaign of 1812,Library of Congress,ACCESS_BLOCKED,Skipped (already terminal; resume-safe).,,,,2026-08-02T20:31:54.192235Z
19,W.08,Declaration of Independence (1776),U.S. National Archives (NARA),SUCCESS,Skipped (already terminal; resume-safe).,,,,2026-08-02T20:31:54.192423Z
13,W.05,What Is the Third Estate?,HathiTrust Digital Library,ACCESS_BLOCKED,Skipped (already terminal; resume-safe).,,,,2026-08-02T20:31:54.192495Z
15,W.06,"The Execution of Louis XVI, January 1793",Rijksmuseum,ACCESS_BLOCKED,Skipped (already terminal; resume-safe).,,,,2026-08-02T20:31:54.192798Z
14,W.06,"The Storming of the Bastille, 14 July 1789",Rijksmuseum,ACCESS_BLOCKED,Skipped (already terminal; resume-safe).,,,,2026-08-02T20:31:54.192811Z
20,W.08,Declaration of the Rights of Man and of the Citizen (1789),"Avalon Project, Yale Law School",SUCCESS,Skipped (already terminal; resume-safe).,,,,2026-08-02T20:31:54.193081Z
22,W.09,"Code Napoléon (French Civil Code, 1804)",HathiTrust Digital Library,ACCESS_BLOCKED,Skipped (already terminal; resume-safe).,,,,2026-08-02T20:31:54.193119Z
23,W.09,Congress of Vienna (1815) — print,Rijksmuseum,ACCESS_BLOCKED,Skipped (already terminal; resume-safe).,,,,2026-08-02T20:31:54.193499Z
21,W.09,Haitian Declaration of Independence (1804),Library of Congress,ACCESS_BLOCKED,Skipped (already terminal; resume-safe).,,,,2026-08-02T20:31:54.193803Z
26,W.11,Watt steam engine (patent model / engraving),Smithsonian Institution,ACCESS_BLOCKED,No resolver implemented for repository 'Smithsonian Institution'.,,,,2026-08-02T20:31:54.202365Z
24,W.10,Over London—by Rail,The New York Public Library Digital Collections,ACCESS_BLOCKED,No resolver implemented for repository 'The New York Public Library Digital Collections'.,,,,2026-08-02T20:31:54.205979Z
29,W.12,Great Exhibition / Crystal Palace (1851),The New York Public Library Digital Collections,ACCESS_BLOCKED,No resolver implemented for repository 'The New York Public Library Digital Collections'.,,,,2026-08-02T20:31:54.207199Z
28,W.12,Railway map of Europe (19th century),Library of Congress,ACCESS_BLOCKED,"Ambiguous LOC match: 9 items tie on title overlap for 'Railway map of Europe (19th century)' (query='Railway map of Europe (19th century)'). URLs: ['https://www.loc.gov/item/2021689131/', 'https://www.loc.gov/item/2020717875/', 'https://www.loc.gov/item/99004382/', 'https://www.loc.gov/item/c98000157/', 'https://www.loc.gov/item/07031748/', 'https://www.loc.gov/item/01030565/', 'https://www.loc.gov/item/01030699/', 'https://www.loc.gov/item/16025391/', 'https://www.loc.gov/item/2020718868/']",,,,2026-08-02T20:32:04.193093Z
31,W.13,The Interesting Narrative of the Life of Olaudah Equiano,"Documenting the American South, UNC-Chapel Hill",ACCESS_BLOCKED,"No resolver implemented for repository 'Documenting the American South, UNC-Chapel Hill'.",,,,2026-08-02T20:32:04.207283Z
32,W.14,Steam locomotive (early railway engine),Smithsonian Institution,ACCESS_BLOCKED,No resolver implemented for repository 'Smithsonian Institution'.,,,,2026-08-02T20:32:04.212013Z
27,W.11,English cotton mill / textile factory,Library of Congress,ACCESS_BLOCKED,"Ambiguous LOC match: 8 items tie on title overlap for 'English cotton mill / textile factory' (query='English cotton mill / textile factory'). URLs: ['https://www.loc.gov/item/13016884/', 'https://www.loc.gov/item/23006130/', 'https://www.loc.gov/item/06020350/', 'https://www.loc.gov/item/08035181/', 'https://www.loc.gov/item/2024873714/', 'https://www.loc.gov/item/08037830/', 'https://www.loc.gov/item/2024890607/', 'https://www.loc.gov/item/2024890554/']",,,,2026-08-02T20:32:04.337130Z
30,W.13,Stowage of the British slave ship Brookes,Library of Congress,BROKEN_LINK,"No LOC results matched title tokens ['british', 'brookes', 'ship', 'slave', 'stowage'] for queries tried: ['Stowage of the British slave ship Brookes', 'Brookes slave ship stowage diagram'].",,,,2026-08-02T20:32:08.357740Z
25,W.10,View of an industrial city (Manchester / Leeds),Library of Congress,DOWNLOADED,"Downloaded + validated (111928 bytes, gif, 310x456).",https://tile.loc.gov/storage-services/master/gdc/gdcebookspublic/20/25/47/41/32/2025474132/2025474132.gif#h=456&w=310,/home/user/workspace/primary_source_pipeline/assets/W.10/W.10_view_of_an_industrial_city_manchester_leeds.gif,ab7f00b9936434c4cbe2f4360a7220f06851b89ac058a9c9274514df6f9ca39b,2026-08-02T20:32:08.714280Z
36,W.16,The Communist Manifesto,HathiTrust Digital Library,ACCESS_BLOCKED,"HathiTrust catalog and full-text search endpoints are behind an interactive Cloudflare bot-challenge (verified via direct HTTP probe returning a JS challenge page), which blocks deterministic automated resolution and full-volume download without a browser session/credentials.",,,,2026-08-02T20:32:08.715600Z
37,W.16,An Inquiry into the Nature and Causes of the Wealth of Nations,HathiTrust Digital Library,ACCESS_BLOCKED,"HathiTrust catalog and full-text search endpoints are behind an interactive Cloudflare bot-challenge (verified via direct HTTP probe returning a JS challenge page), which blocks deterministic automated resolution and full-volume download without a browser session/credentials.",,,,2026-08-02T20:32:08.716856Z
34,W.15,Child labor photographs (National Child Labor Committee),Library of Congress,ACCESS_BLOCKED,"Ambiguous LOC match: 4 items tie on title overlap for 'Child labor photographs (National Child Labor Committee)' (query='Child labor photographs (National Child Labor Committee)'). URLs: ['https://www.loc.gov/collections/national-child-labor-committee/about-this-collection/', 'https://www.loc.gov/item/sv92052699/', '//lccn.loc.gov/2004679968', 'https://www.loc.gov/item/2018674790/']",,,,2026-08-02T20:32:10.520894Z
35,W.15,Coal mine / factory working conditions,Library of Congress,ACCESS_BLOCKED,"Ambiguous LOC match: 11 items tie on title overlap for 'Coal mine / factory working conditions' (query='Coal mine / factory working conditions'). URLs: ['https://www.loc.gov/item/14014128/', 'https://www.loc.gov/item/14014129/', 'https://www.loc.gov/item/2019670820/', 'https://www.loc.gov/item/19026191/', 'https://www.loc.gov/item/72601064/', 'https://www.loc.gov/item/2026587721/', 'https://www.loc.gov/item/l22000270/', 'https://www.loc.gov/item/86607950/', 'https://www.loc.gov/item/87600230/', 'https://www.loc.gov/item/82600227/', 'https://www.loc.gov/item/80039876/']",,,,2026-08-02T20:32:13.183407Z
33,W.14,Bessemer steel converter / electric telegraph,Library of Congress,DOWNLOADED,"Downloaded + validated (262663 bytes, jpg, 2036x3149).",https://tile.loc.gov/image-services/iiif/public:gdcmassbookdig:bessemersteelore00fitc:bessemersteelore00fitc_0007/full/pct:100.0/0/default.jpg#h=3149&w=2036,/home/user/workspace/primary_source_pipeline/assets/W.14/W.14_bessemer_steel_converter_electric_telegraph.jpg,cf28b1418f5e82e104c22c31734a26fe7ca4ca525e5c8da76334b855853272c4,2026-08-02T20:32:18.170358Z
40,W.18,"""J'Accuse…!"" (open letter, L'Aurore front page)",HathiTrust Digital Library,ACCESS_BLOCKED,"HathiTrust catalog and full-text search endpoints are behind an interactive Cloudflare bot-challenge (verified via direct HTTP probe returning a JS challenge page), which blocks deterministic automated resolution and full-volume download without a browser session/credentials.",,,,2026-08-02T20:32:18.184545Z
42,W.19,The Rhodes Colossus,Library of Congress,ACCESS_BLOCKED,"Ambiguous LOC match: 3 items tie on title overlap for 'The Rhodes Colossus' (query='The Rhodes Colossus'). URLs: ['https://www.loc.gov/item/2004669342/', 'https://www.loc.gov/item/23026518/', 'https://www.loc.gov/item/2020046626/']",,,,2026-08-02T20:32:20.662570Z
43,W.19,The White Man's Burden,HathiTrust Digital Library,ACCESS_BLOCKED,"HathiTrust catalog and full-text search endpoints are behind an interactive Cloudflare bot-challenge (verified via direct HTTP probe returning a JS challenge page), which blocks deterministic automated resolution and full-volume download without a browser session/credentials.",,,,2026-08-02T20:32:20.664261Z
38,W.17,Otto von Bismarck (photograph/portrait),Library of Congress,ACCESS_BLOCKED,"Ambiguous LOC match: 6 items tie on title overlap for 'Otto von Bismarck (photograph/portrait)' (query='Otto von Bismarck (photograph/portrait)'). URLs: ['https://www.loc.gov/item/2018697064/', 'https://www.loc.gov/item/2016817363/', 'https://www.loc.gov/item/00650536/', 'https://www.loc.gov/item/2017656330/', 'https://www.loc.gov/item/2005684134/', 'https://www.loc.gov/item/99005468/']",,,,2026-08-02T20:32:22.002945Z
45,W.20,African trade and resources (illustrated),The New York Public Library Digital Collections,ACCESS_BLOCKED,No resolver implemented for repository 'The New York Public Library Digital Collections'.,,,,2026-08-02T20:32:22.004851Z
44,W.20,Map of Africa (late 19th century),Library of Congress,ACCESS_BLOCKED,"Ambiguous LOC match: 4 items tie on title overlap for 'Map of Africa (late 19th century)' (query='Map of Africa (late 19th century)'). URLs: ['https://www.loc.gov/item/2021692506/', 'https://www.loc.gov/item/2021690070/', 'https://www.loc.gov/item/2021689131/', 'https://www.loc.gov/item/2021690493/']",,,,2026-08-02T20:32:22.961476Z
47,W.21,The Berlin Conference of 1884-85,The New York Public Library Digital Collections,ACCESS_BLOCKED,No resolver implemented for repository 'The New York Public Library Digital Collections'.,,,,2026-08-02T20:32:22.963171Z
39,W.17,Giuseppe Garibaldi / Italian unification,Library of Congress,ACCESS_BLOCKED,"Ambiguous LOC match: 2 items tie on title overlap for 'Giuseppe Garibaldi / Italian unification' (query='Giuseppe Garibaldi / Italian unification'). URLs: ['https://www.congress.gov/bill/112th-congress/house-bill/742', 'https://www.congress.gov/bill/112th-congress/senate-bill/369']",,,,2026-08-02T20:32:22.986950Z
49,W.22,"Anglo-Zulu War (Isandlwana / Rorke's Drift), 1879",The New York Public Library Digital Collections,ACCESS_BLOCKED,No resolver implemented for repository 'The New York Public Library Digital Collections'.,,,,2026-08-02T20:32:22.988511Z
50,W.23,"Opening of the Suez Canal, 1869",The New York Public Library Digital Collections,ACCESS_BLOCKED,No resolver implemented for repository 'The New York Public Library Digital Collections'.,,,,2026-08-02T20:32:22.989992Z
46,W.21,Map of the partition of Africa (colonial claims),Library of Congress,ACCESS_BLOCKED,"Ambiguous LOC match: 5 items tie on title overlap for 'Map of the partition of Africa (colonial claims)' (query='Map of the partition of Africa (colonial claims)'). URLs: ['https://www.loc.gov/item/a22000946/', 'https://www.loc.gov/item/98001165/', 'https://www.loc.gov/item/16023056/', 'https://www.loc.gov/item/02029499/', 'https://www.loc.gov/item/02029503/']",,,,2026-08-02T20:32:23.858797Z
52,W.24,Destruction of opium / First Opium War,The New York Public Library Digital Collections,ACCESS_BLOCKED,No resolver implemented for repository 'The New York Public Library Digital Collections'.,,,,2026-08-02T20:32:23.860541Z
41,W.18,Dreyfus Affair — degradation of Alfred Dreyfus,Library of Congress,BROKEN_LINK,"No LOC results matched title tokens ['affair', 'alfred', 'degradation', 'dreyfus'] for queries tried: ['Dreyfus Affair — degradation of Alfred Dreyfus', 'Dreyfus affair degradation'].",,,,2026-08-02T20:32:24.096075Z
54,W.25,"Colonial exposition / ""human zoo"" imagery",The New York Public Library Digital Collections,ACCESS_BLOCKED,No resolver implemented for repository 'The New York Public Library Digital Collections'.,,,,2026-08-02T20:32:24.097800Z
51,W.23,The Indian Rebellion (Sepoy Mutiny) of 1857,Library of Congress,ACCESS_BLOCKED,"Ambiguous LOC match: 3 items tie on title overlap for 'The Indian Rebellion (Sepoy Mutiny) of 1857' (query='The Indian Rebellion (Sepoy Mutiny) of 1857'). URLs: ['https://www.loc.gov/item/43020283/', 'https://www.loc.gov/item/04018014/', 'https://www.loc.gov/item/37007218/']",,,,2026-08-02T20:32:25.998818Z
53,W.24,"Boxer Rebellion, 1900",Library of Congress,DOWNLOADED,"Downloaded + validated (794310 bytes, jpg, 2565x4303).",https://tile.loc.gov/image-services/iiif/public:gdcmassbookdig:boxerrebellionpo00clem:boxerrebellionpo00clem_0011/full/pct:100.0/0/default.jpg#h=4303&w=2565,/home/user/workspace/primary_source_pipeline/assets/W.24/W.24_boxer_rebellion_1900.jpg,faa2893d838ba5c8783b916a7a3aea83a08222abe557b934a9b517382a6a144f,2026-08-02T20:32:27.865360Z
56,W.26,"Perry's ""Black Ships"" in Japan",The Metropolitan Museum of Art,BROKEN_LINK,"No Met object matched required title tokens ['black', 'japan', 'perry', 'ships'] AND creator tokens ['artists', 'japanese'] for query 'Black Ships Perry Japan woodblock' within first 8 probed candidates (out of 8 total search hits).",,,,2026-08-02T20:32:28.932172Z
57,W.26,First Sino-Japanese War / Meiji modernization prints,The Metropolitan Museum of Art,BROKEN_LINK,"No Met object matched required title tokens ['first', 'japanese', 'meiji', 'modernization', 'prints', 'sino', 'war'] AND creator tokens ['artists', 'japanese'] for query 'Sino-Japanese War woodblock Meiji' within first 17 probed candidates (out of 17 total search hits).",,,,2026-08-02T20:32:32.105452Z
59,W.27,Guano / silver / rubber extraction in Latin America,The New York Public Library Digital Collections,ACCESS_BLOCKED,No resolver implemented for repository 'The New York Public Library Digital Collections'.,,,,2026-08-02T20:32:32.107186Z
48,W.22,"The Battle of Adwa, 1896 (contemporary illustrated press engraving)",Library of Congress,ACCESS_BLOCKED,LOC search request failed for query 'Battle of Adwa Adowa 1896 Ethiopia Italy': HTTP Error 429: Too Many Requests,,,,2026-08-02T20:32:32.708190Z
58,W.27,Map of South America (19th century),Library of Congress,ACCESS_BLOCKED,LOC search request failed for query 'Map of South America (19th century)': HTTP Error 429: Too Many Requests,,,,2026-08-02T20:32:33.556029Z
60,W.28,Construction of the Panama Canal,Library of Congress,ACCESS_BLOCKED,LOC search request failed for query 'Construction of the Panama Canal': HTTP Error 429: Too Many Requests,,,,2026-08-02T20:32:36.814610Z
61,W.28,"U.S. ""Big Stick"" intervention in Latin America",Library of Congress,ACCESS_BLOCKED,"LOC search request failed for query 'U.S. ""Big Stick"" intervention in Latin America': HTTP Error 429: Too Many Requests",,,,2026-08-02T20:32:37.426596Z
55,W.25,Railways and infrastructure in colonial India/Africa,Library of Congress,ACCESS_BLOCKED,LOC search request failed for query 'colonial railway India Africa': HTTP Error 429: Too Many Requests,,,,2026-08-02T20:33:17.973002Z
63,W.29,European alliances / armed-camp political cartoon,Library of Congress,ACCESS_BLOCKED,LOC search request failed for query 'European alliances / armed-camp political cartoon': HTTP Error 429: Too Many Requests,,,,2026-08-02T20:33:22.698475Z
65,W.30,World War I mobilization / alliance cartoon,Library of Congress,ACCESS_BLOCKED,LOC search request failed for query 'World War I mobilization / alliance cartoon': HTTP Error 429: Too Many Requests,,,,2026-08-02T20:33:22.702194Z
64,W.30,"Assassination of Archduke Franz Ferdinand, Sarajevo, 1914",Library of Congress,ACCESS_BLOCKED,"LOC search request failed for query 'Assassination of Archduke Franz Ferdinand, Sarajevo, 1914': HTTP Error 429: Too Many Requests",,,,2026-08-02T20:33:22.705670Z
62,W.29,"Map of the Balkans, ""powder keg of Europe"" (c.1912)",Library of Congress,ACCESS_BLOCKED,"LOC search request failed for query 'Map of the Balkans, ""powder keg of Europe"" (c.1912)': HTTP Error 429: Too Many Requests",,,,2026-08-02T20:33:22.707041Z
66,W.31,World War I trench warfare photographs,U.S. National Archives (NARA),BROKEN_LINK,"NARA page at https://catalog.archives.gov/search?q=World+War+I+trench+warfare did not contain expected title terms ['trench', 'warfare', 'photographs', 'world'].",,,,2026-08-02T20:33:22.791054Z
69,W.32,Battle of the Somme / Verdun photographs,U.S. National Archives (NARA),BROKEN_LINK,"NARA page at https://catalog.archives.gov/search?q=Battle+of+the+Somme+Verdun+1916 did not contain expected title terms ['battle', 'verdun', 'photographs', 'somme'].",,,,2026-08-02T20:33:22.814916Z
71,W.33,Treaty of Brest-Litovsk (1918),"Avalon Project, Yale Law School",DOWNLOADED,"Downloaded + validated (14423 bytes, html).",https://avalon.law.yale.edu/subject_menus/blmenu.asp,/home/user/workspace/primary_source_pipeline/assets/W.33/W.33_treaty_of_brest_litovsk_1918.html,22810ce8cd4a01a6933f9c8eb3a53586770959dc2492fae0d2a493b4a3ecf15c,2026-08-02T20:33:23.104879Z
72,W.34,"Women munitions workers, World War I",U.S. National Archives (NARA),BROKEN_LINK,"NARA page at https://catalog.archives.gov/search?q=World+War+I+women+munitions+workers did not contain expected title terms ['workers', 'women', 'munitions', 'world'].",,,,2026-08-02T20:33:23.196819Z
67,W.31,"New weapons of WWI: tanks, gas masks, machine guns",Library of Congress,ACCESS_BLOCKED,"LOC search request failed for query 'New weapons of WWI: tanks, gas masks, machine guns': HTTP Error 429: Too Many Requests",,,,2026-08-02T20:33:27.415256Z
68,W.32,"Map of the Western Front (Marne, Verdun, Somme)",Library of Congress,ACCESS_BLOCKED,"LOC search request failed for query 'Map of the Western Front (Marne, Verdun, Somme)': HTTP Error 429: Too Many Requests",,,,2026-08-02T20:33:27.423032Z
70,W.33,"World War I recruitment poster (""I Want YOU"")",Library of Congress,ACCESS_BLOCKED,"LOC search request failed for query 'World War I recruitment poster (""I Want YOU"")': HTTP Error 429: Too Many Requests",,,,2026-08-02T20:33:27.511073Z
75,W.35,1918 influenza pandemic photographs,U.S. National Archives (NARA),BROKEN_LINK,"NARA page at https://catalog.archives.gov/search?q=1918+influenza+pandemic did not contain expected title terms ['pandemic', 'photographs', 'influenza', '1918'].",,,,2026-08-02T20:33:27.522495Z
76,W.36,Treaty of Versailles (1919),"Avalon Project, Yale Law School",DOWNLOADED,"Downloaded + validated (5727 bytes, html).",https://avalon.law.yale.edu/subject_menus/versailles_menu.asp,/home/user/workspace/primary_source_pipeline/assets/W.36/W.36_treaty_of_versailles_1919.html,0766f49f5f6aba06b736aa1467dd3f3a2c1e572661a97be1ee25318887b28728,2026-08-02T20:33:27.638141Z
78,W.36,President Wilson's Fourteen Points (1918),"Avalon Project, Yale Law School",DOWNLOADED,"Downloaded + validated (12306 bytes, html).",https://avalon.law.yale.edu/20th_century/wilson14.asp,/home/user/workspace/primary_source_pipeline/assets/W.36/W.36_president_wilson_s_fourteen_points_1918.html,eddc109f137587ce60eb008c438574e70f6604ff36fdc5e19f54af7058309507,2026-08-02T20:33:27.780520Z
73,W.34,World War I food conservation / rationing poster,Library of Congress,ACCESS_BLOCKED,LOC search request failed for query 'World War I food conservation / rationing poster': HTTP Error 429: Too Many Requests,,,,2026-08-02T20:33:27.908194Z
80,W.37,Covenant of the League of Nations (1919),"Avalon Project, Yale Law School",DOWNLOADED,"Downloaded + validated (32604 bytes, html).",https://avalon.law.yale.edu/20th_century/leagcov.asp,/home/user/workspace/primary_source_pipeline/assets/W.37/W.37_covenant_of_the_league_of_nations_1919.html,a7e097978f200aac24727d4b987b61b4e0d0f7af9ce8ef3e75bae9065ef9424c,2026-08-02T20:33:28.042655Z
74,W.35,Armenian Genocide / Near East Relief photographs,Library of Congress,ACCESS_BLOCKED,LOC search request failed for query 'Armenian Genocide / Near East Relief photographs': HTTP Error 429: Too Many Requests,,,,2026-08-02T20:33:32.132177Z
77,W.36,"The ""Big Four"" at the Paris Peace Conference",Library of Congress,ACCESS_BLOCKED,"LOC search request failed for query 'The ""Big Four"" at the Paris Peace Conference': HTTP Error 429: Too Many Requests",,,,2026-08-02T20:33:32.242920Z
79,W.37,Map of Europe after World War I,Library of Congress,ACCESS_BLOCKED,LOC search request failed for query 'Map of Europe after World War I': HTTP Error 429: Too Many Requests,,,,2026-08-02T20:33:32.541912Z
81,W.38,Russian Revolution of 1917 photographs,Library of Congress,ACCESS_BLOCKED,LOC search request failed for query 'Russian Revolution of 1917 photographs': HTTP Error 429: Too Many Requests,,,,2026-08-02T20:33:32.790940Z
82,W.38,Bolshevik / Russian Civil War propaganda poster,Library of Congress,ACCESS_BLOCKED,LOC search request failed for query 'Bolshevik / Russian Civil War propaganda poster': HTTP Error 429: Too Many Requests,,,,2026-08-02T20:33:36.847712Z
83,W.39,Jazz Age / Harlem Renaissance photographs,Library of Congress,ACCESS_BLOCKED,LOC search request failed for query 'Jazz Age / Harlem Renaissance photographs': HTTP Error 429: Too Many Requests,,,,2026-08-02T20:33:36.961240Z
84,W.39,1920s American consumer-culture photographs (National Photo Company Collection),Library of Congress,ACCESS_BLOCKED,LOC search request failed for query '1920s American consumer-culture photographs (National Photo Company Collection)': HTTP Error 429: Too Many Requests,,,,2026-08-02T20:33:37.258905Z
85,W.40,"Crowds outside the New York Stock Exchange, 1929",Library of Congress,ACCESS_BLOCKED,"LOC search request failed for query 'Crowds outside the New York Stock Exchange, 1929': HTTP Error 429: Too Many Requests",,,,2026-08-02T20:33:37.518138Z
86,W.40,Great Depression breadlines / unemployment,Library of Congress,ACCESS_BLOCKED,LOC search request failed for query 'Great Depression breadlines / unemployment': HTTP Error 429: Too Many Requests,,,,2026-08-02T20:33:41.558598Z
90,W.42,"Foreign Relations of the United States — diplomatic records on Nazi Germany, Fascist Italy, and the Soviet Union (1930s)","Office of the Historian, U.S. Department of State (history.state.gov)",ACCESS_BLOCKED,"No resolver implemented for repository 'Office of the Historian, U.S. Department of State (history.state.gov)'.",,,,2026-08-02T20:33:41.573712Z
88,W.41,"Foreign Relations of the United States, 1933 — documents on Germany and the Nazi seizure of power","Office of the Historian, U.S. Department of State (history.state.gov)",ACCESS_BLOCKED,"No resolver implemented for repository 'Office of the Historian, U.S. Department of State (history.state.gov)'.",,,,2026-08-02T20:33:41.576619Z
89,W.42,"U.S. Office of War Information anti-Axis propaganda poster (Hitler, Mussolini, Tojo)",U.S. National Archives (NARA),BROKEN_LINK,"NARA page at https://catalog.archives.gov/search?q=Office+of+War+Information+poster+Hitler+Mussolini+Tojo did not contain expected title terms ['axis', 'information', 'propaganda', 'anti', 'office', 'mussolini', 'hitler', 'tojo', 'poster'].",,,,2026-08-02T20:33:41.669589Z
92,W.43,"U.S. government map of Japanese expansion and resource areas in the Pacific, 1941-1942",U.S. National Archives (NARA),BROKEN_LINK,"NARA page at https://catalog.archives.gov/search?q=map+Japanese+expansion+Pacific+resources+1942 did not contain expected title terms ['1941', 'expansion', 'pacific', 'resource', 'areas', 'government', 'japanese', '1942'].",,,,2026-08-02T20:33:41.672191Z
94,W.44,"Foreign Relations of the United States, Japan: 1931-1941 (Japanese aggression in China)","Office of the Historian, U.S. Department of State (history.state.gov)",ACCESS_BLOCKED,"No resolver implemented for repository 'Office of the Historian, U.S. Department of State (history.state.gov)'.",,,,2026-08-02T20:33:41.673740Z
91,W.43,"Map of Axis expansion / ""living space"" in Europe",U.S. National Archives (NARA),BROKEN_LINK,"NARA page at https://catalog.archives.gov/search?q=Axis+expansion+map+Europe+World+War+II did not contain expected title terms ['living', 'expansion', 'europe', 'space', 'axis'].",,,,2026-08-02T20:33:41.731657Z
96,W.45,The U.S. Neutrality Acts of 1935-1939 (statute text),U.S. Government Publishing Office (govinfo.gov),ACCESS_BLOCKED,No resolver implemented for repository 'U.S. Government Publishing Office (govinfo.gov)'.,,,,2026-08-02T20:33:41.733189Z
95,W.45,Munich Agreement (1938),"Avalon Project, Yale Law School",DOWNLOADED,"Downloaded + validated (8900 bytes, html).",https://avalon.law.yale.edu/imt/munich1.asp,/home/user/workspace/primary_source_pipeline/assets/W.45/W.45_munich_agreement_1938.html,0b97e93d2e49e612db0fc9482aeef79fbe046ed54069d92f4957b855a3215dec,2026-08-02T20:33:41.813402Z
97,W.46,World War II aircraft and strategic bombing,U.S. National Archives (NARA),BROKEN_LINK,"NARA page at https://catalog.archives.gov/search?q=World+War+II+strategic+bombing+aircraft did not contain expected title terms ['strategic', 'bombing', 'world', 'aircraft'].",,,,2026-08-02T20:33:41.830307Z
98,W.46,Pacific island-hopping campaign map,U.S. National Archives (NARA),BROKEN_LINK,"NARA page at https://catalog.archives.gov/search?q=Pacific+island+hopping+campaign+map+World+War+II did not contain expected title terms ['island', 'campaign', 'pacific', 'hopping'].",,,,2026-08-02T20:33:41.887371Z
100,W.47,Battle maps of the European and Pacific theaters,U.S. Army Center of Military History,ACCESS_BLOCKED,No resolver implemented for repository 'U.S. Army Center of Military History'.,,,,2026-08-02T20:33:41.888961Z
99,W.47,"D-Day landings at Normandy, 6 June 1944",U.S. National Archives (NARA),BROKEN_LINK,"NARA page at https://catalog.archives.gov/search?q=D-Day+Normandy+landing+1944 did not contain expected title terms ['normandy', '1944', 'june', 'landings'].",,,,2026-08-02T20:33:41.937000Z
101,W.48,"The ""Big Three"" at the Yalta Conference, 1945",U.S. National Archives (NARA),BROKEN_LINK,"NARA page at https://catalog.archives.gov/search?q=Yalta+Conference+Big+Three+1945+Churchill+Roosevelt+Stalin did not contain expected title terms ['1945', 'yalta', 'three', 'conference'].",,,,2026-08-02T20:33:42.013740Z
103,W.49,"Foreign Relations of the United States, 1938 — the Evian Conference and Jewish refugees","Office of the Historian, U.S. Department of State (history.state.gov)",ACCESS_BLOCKED,"No resolver implemented for repository 'Office of the Historian, U.S. Department of State (history.state.gov)'.",,,,2026-08-02T20:33:42.015365Z
102,W.48,U.S. Army Signal Corps photographs of Allied wartime leaders,U.S. National Archives (NARA),BROKEN_LINK,"NARA page at https://catalog.archives.gov/search?q=Signal+Corps+Roosevelt+Churchill+Truman+Stalin+conference did not contain expected title terms ['leaders', 'army', 'photographs', 'corps', 'allied', 'wartime', 'signal'].",,,,2026-08-02T20:33:42.041549Z
104,W.49,The Nuremberg Laws (1935),U.S. National Archives (NARA),BROKEN_LINK,"NARA page at https://catalog.archives.gov/search?q=Nuremberg+Laws+1935+racial+chart did not contain expected title terms ['nuremberg', 'laws', '1935'].",,,,2026-08-02T20:33:42.101421Z
106,W.50,"Nazi Conspiracy and Aggression (U.S. GPO, 1946) — documentary evidence of the Holocaust",U.S. Government Publishing Office / Library of Congress,ACCESS_BLOCKED,No resolver implemented for repository 'U.S. Government Publishing Office / Library of Congress'.,,,,2026-08-02T20:33:42.103398Z
105,W.50,"Liberation of Nazi concentration camps, 1945",U.S. National Archives (NARA),BROKEN_LINK,"NARA page at https://catalog.archives.gov/search?q=liberation+concentration+camps+1945 did not contain expected title terms ['camps', 'nazi', '1945', 'liberation', 'concentration'].",,,,2026-08-02T20:33:42.105052Z
107,W.51,The Atlantic Charter (1941),"Avalon Project, Yale Law School",DOWNLOADED,"Downloaded + validated (8108 bytes, html).",https://avalon.law.yale.edu/wwii/atlantic.asp,/home/user/workspace/primary_source_pipeline/assets/W.51/W.51_the_atlantic_charter_1941.html,b6675b6da7fe9763d277e94cd77cfb3bd1d3c0d013f1fb4790543950f2ec6da8,2026-08-02T20:33:42.242420Z
109,W.51,Tehran and Potsdam conference records,"U.S. Dept. of State, Office of the Historian",ACCESS_BLOCKED,"No resolver implemented for repository 'U.S. Dept. of State, Office of the Historian'.",,,,2026-08-02T20:33:42.243941Z
108,W.51,Protocol of the Yalta (Crimea) Conference (1945),"Avalon Project, Yale Law School",DOWNLOADED,"Downloaded + validated (27046 bytes, html).",https://avalon.law.yale.edu/wwii/yalta.asp,/home/user/workspace/primary_source_pipeline/assets/W.51/W.51_protocol_of_the_yalta_crimea_conference_1945.html,aebb933c8424d9782712fed7fb8b9401a44a99736d41a3abd92686493fa48558,2026-08-02T20:33:42.256908Z
111,W.52,Trinity test and the Manhattan Project,U.S. Department of Energy,ACCESS_BLOCKED,No resolver implemented for repository 'U.S. Department of Energy'.,,,,2026-08-02T20:33:42.258379Z
110,W.52,"Atomic bombing of Hiroshima and Nagasaki, 1945",U.S. National Archives (NARA),BROKEN_LINK,"NARA page at https://catalog.archives.gov/search?q=Hiroshima+Nagasaki+atomic+bomb+1945 did not contain expected title terms ['nagasaki', 'hiroshima', 'bombing', 'atomic', '1945'].",,,,2026-08-02T20:33:42.313894Z
87,W.41,"German hyperinflation, 1923",Library of Congress,ACCESS_BLOCKED,"LOC search request failed for query 'German hyperinflation, 1923': HTTP Error 429: Too Many Requests",,,,2026-08-02T20:33:46.281669Z
93,W.44,"Italian invasion of Ethiopia, 1935-36",Library of Congress,ACCESS_BLOCKED,"LOC search request failed for query 'Italian invasion of Ethiopia, 1935-36': HTTP Error 429: Too Many Requests",,,,2026-08-02T20:33:46.381037Z
113,W.53,Founding of the United Nations / UN Charter (1945),"U.S. Dept. of State, Office of the Historian",ACCESS_BLOCKED,"No resolver implemented for repository 'U.S. Dept. of State, Office of the Historian'.",,,,2026-08-02T20:33:46.395301Z
116,W.55,"UN Partition Plan for Palestine (Resolution 181), 1947","U.S. Dept. of State, Office of the Historian",ACCESS_BLOCKED,"No resolver implemented for repository 'U.S. Dept. of State, Office of the Historian'.",,,,2026-08-02T20:33:46.396962Z
112,W.53,"The Nuremberg Trials, 1945-46",U.S. National Archives (NARA),BROKEN_LINK,"NARA page at https://catalog.archives.gov/search?q=Nuremberg+Trials+1945+1946+defendants did not contain expected title terms ['trials', 'nuremberg', '1945'].",,,,2026-08-02T20:33:46.481911Z
118,W.56,"George F. Kennan, ""Long Telegram"" (1946)","U.S. National Archives / Office of the Historian, U.S. Department of State",ACCESS_BLOCKED,"No resolver implemented for repository 'U.S. National Archives / Office of the Historian, U.S. Department of State'.",,,,2026-08-02T20:33:46.483722Z
115,W.54,Marshall Plan / European Recovery Program poster,Library of Congress,ACCESS_BLOCKED,LOC search request failed for query 'Marshall Plan / European Recovery Program poster': HTTP Error 429: Too Many Requests,,,,2026-08-02T20:33:51.104776Z
114,W.54,"The Marshall Plan (Harvard commencement address, 1947)","Avalon Project, Yale Law School",BROKEN_LINK,Avalon page returned HTTP 404 for https://avalon.law.yale.edu/20th_century/marshall.asp.,,,,2026-08-02T20:33:51.106194Z
117,W.55,Map of the 1947 UN partition of Palestine,Library of Congress,ACCESS_BLOCKED,LOC search request failed for query 'Map of the 1947 UN partition of Palestine': HTTP Error 429: Too Many Requests,,,,2026-08-02T20:33:51.110345Z
119,W.56,U.S. government (CIA) map of Cold War Europe and the Soviet bloc,Library of Congress,ACCESS_BLOCKED,LOC search request failed for query 'U.S. government (CIA) map of Cold War Europe and the Soviet bloc': HTTP Error 429: Too Many Requests,,,,2026-08-02T20:33:51.198260Z
121,W.57,"United States Relations with China, With Special Reference to the Period 1944-1949 (the ""China White Paper"")","Office of the Historian, U.S. Department of State (history.state.gov)",ACCESS_BLOCKED,"No resolver implemented for repository 'Office of the Historian, U.S. Department of State (history.state.gov)'.",,,,2026-08-02T20:33:51.210111Z
123,W.58,NSC-68: United States Objectives and Programs for National Security (1950),"Office of the Historian, U.S. Department of State / U.S. National Archives",ACCESS_BLOCKED,"No resolver implemented for repository 'Office of the Historian, U.S. Department of State / U.S. National Archives'.",,,,2026-08-02T20:33:51.213589Z
120,W.57,"U.S. government (CIA) map of the Communist advance in China, 1949-1950",Library of Congress / U.S. National Archives,ACCESS_BLOCKED,No resolver implemented for repository 'Library of Congress / U.S. National Archives'.,,,,2026-08-02T20:33:51.218874Z
126,W.60,"The Berlin Airlift, 1948-49",U.S. National Archives (NARA),BROKEN_LINK,"NARA page at https://catalog.archives.gov/search?q=Berlin+Airlift+1948+1949 did not contain expected title terms ['berlin', '1948', 'airlift'].",,,,2026-08-02T20:33:51.288254Z
125,W.59,The Warsaw Security Pact (1955),"Avalon Project, Yale Law School",DOWNLOADED,"Downloaded + validated (14467 bytes, html).",https://avalon.law.yale.edu/20th_century/warsaw.asp,/home/user/workspace/primary_source_pipeline/assets/W.59/W.59_the_warsaw_security_pact_1955.html,02fd3a3e8495c8975f2e737dfb09a1e6f44c271216fe2d4f6b0241a50d03b0be,2026-08-02T20:33:51.340066Z
128,W.61,U.S. nuclear weapons test photographs,U.S. Department of Energy,ACCESS_BLOCKED,No resolver implemented for repository 'U.S. Department of Energy'.,,,,2026-08-02T20:33:51.341816Z
122,W.58,The Truman Doctrine (1947),"Avalon Project, Yale Law School",DOWNLOADED,"Downloaded + validated (18904 bytes, html).",https://avalon.law.yale.edu/20th_century/trudoc.asp,/home/user/workspace/primary_source_pipeline/assets/W.58/W.58_the_truman_doctrine_1947.html,b41fb99cd4c13c5dc3fac6baa10b2466bd73d17c20f93dee2f195b7c7e9b1d43,2026-08-02T20:33:51.345044Z
130,W.62,"Foreign Relations of the United States, 1955-1957, Eastern Europe (Hungarian Revolution)","Office of the Historian, U.S. Department of State (history.state.gov)",ACCESS_BLOCKED,"No resolver implemented for repository 'Office of the Historian, U.S. Department of State (history.state.gov)'.",,,,2026-08-02T20:33:51.346545Z
131,W.62,"Foreign Relations of the United States, 1964-1968, Volume XVII, Eastern Europe (Czechoslovak crisis documents)","Office of the Historian, U.S. Department of State (history.state.gov)",ACCESS_BLOCKED,"No resolver implemented for repository 'Office of the Historian, U.S. Department of State (history.state.gov)'.",,,,2026-08-02T20:33:51.348889Z
124,W.59,"The North Atlantic Treaty (NATO), 1949","Avalon Project, Yale Law School",DOWNLOADED,"Downloaded + validated (13465 bytes, html).",https://avalon.law.yale.edu/20th_century/nato.asp,/home/user/workspace/primary_source_pipeline/assets/W.59/W.59_the_north_atlantic_treaty_nato_1949.html,f86191840833304d3a51e6f15cdbf1a99011d5e6ee5d9cab32cd901c71000767,2026-08-02T20:33:51.367055Z
127,W.60,"Construction of the Berlin Wall, 1961",U.S. National Archives (NARA),BROKEN_LINK,"NARA page at https://catalog.archives.gov/search?q=Berlin+Wall+construction+1961 did not contain expected title terms ['construction', 'berlin', 'wall', '1961'].",,,,2026-08-02T20:33:51.378793Z
134,W.64,"Public Papers of the Presidents: George H. W. Bush, 1989 — statements on the fall of the Berlin Wall",U.S. Government Publishing Office (govinfo.gov),ACCESS_BLOCKED,No resolver implemented for repository 'U.S. Government Publishing Office (govinfo.gov)'.,,,,2026-08-02T20:33:51.380373Z
132,W.63,"The Korean War, 1950-53",U.S. National Archives (NARA),BROKEN_LINK,"NARA page at https://catalog.archives.gov/search?q=Korean+War+1950+1953 did not contain expected title terms ['korean', '1950'].",,,,2026-08-02T20:33:51.404159Z
136,W.65,"Public Papers of the Presidents: George H. W. Bush, 1991 — statements on the dissolution of the Soviet Union",U.S. Government Publishing Office (govinfo.gov),ACCESS_BLOCKED,No resolver implemented for repository 'U.S. Government Publishing Office (govinfo.gov)'.,,,,2026-08-02T20:33:51.405834Z
129,W.61,"Cuban Missile Crisis reconnaissance photographs, 1962",U.S. National Archives (NARA),BROKEN_LINK,"NARA page at https://catalog.archives.gov/search?q=Cuban+Missile+Crisis+reconnaissance+1962 did not contain expected title terms ['missile', '1962', 'photographs', 'reconnaissance', 'cuban', 'crisis'].",,,,2026-08-02T20:33:51.419888Z
133,W.63,The Vietnam War,U.S. National Archives (NARA),BROKEN_LINK,NARA page at https://catalog.archives.gov/search?q=Vietnam+War+combat did not contain expected title terms ['vietnam'].,,,,2026-08-02T20:33:51.458301Z
135,W.64,Reagan-Gorbachev summits,U.S. National Archives (NARA),BROKEN_LINK,"NARA page at https://catalog.archives.gov/search?q=Reagan+Gorbachev+summit did not contain expected title terms ['summits', 'reagan', 'gorbachev'].",,,,2026-08-02T20:33:51.469659Z
137,W.65,Map of the former Soviet republics,Library of Congress,ACCESS_BLOCKED,LOC search request failed for query 'Map of the former Soviet republics': HTTP Error 429: Too Many Requests,,,,2026-08-02T20:33:56.127516Z
139,W.66,Emigrants / refugees departing by ship,The New York Public Library Digital Collections,ACCESS_BLOCKED,No resolver implemented for repository 'The New York Public Library Digital Collections'.,,,,2026-08-02T20:33:56.138740Z
140,W.67,"U.S. newspaper front-page coverage of the Partition of India and Pakistan, August 1947","Chronicling America, Library of Congress (loc.gov/chroniclingamerica)",ACCESS_BLOCKED,"No resolver implemented for repository 'Chronicling America, Library of Congress (loc.gov/chroniclingamerica)'.",,,,2026-08-02T20:33:56.140237Z
143,W.68,"U.S. newspaper coverage of Indian independence and Nehru's new government, August 1947","Chronicling America, Library of Congress (loc.gov/chroniclingamerica)",ACCESS_BLOCKED,"No resolver implemented for repository 'Chronicling America, Library of Congress (loc.gov/chroniclingamerica)'.",,,,2026-08-02T20:33:56.141708Z
144,W.69,"Foreign Relations of the United States, 1958-1960, Volume XIV, Africa","Office of the Historian, U.S. Department of State (history.state.gov)",ACCESS_BLOCKED,"No resolver implemented for repository 'Office of the Historian, U.S. Department of State (history.state.gov)'.",,,,2026-08-02T20:33:56.144342Z
145,W.69,"Foreign Relations of the United States, 1955-1957, Suez Crisis volumes (Nasser and the Suez Canal)","Office of the Historian, U.S. Department of State (history.state.gov)",ACCESS_BLOCKED,"No resolver implemented for repository 'Office of the Historian, U.S. Department of State (history.state.gov)'.",,,,2026-08-02T20:33:56.145824Z
146,W.70,CIA map: South Africa — Black Homelands (Bantustans),"Library of Congress / U.S. National Archives (loc.gov, archives.gov)",ACCESS_BLOCKED,"No resolver implemented for repository 'Library of Congress / U.S. National Archives (loc.gov, archives.gov)'.",,,,2026-08-02T20:33:56.147386Z
147,W.70,Comprehensive Anti-Apartheid Act of 1986 (Public Law 99-440),U.S. Government Publishing Office (govinfo.gov),ACCESS_BLOCKED,No resolver implemented for repository 'U.S. Government Publishing Office (govinfo.gov)'.,,,,2026-08-02T20:33:56.149074Z
148,W.71,"Foreign Relations of the United States, 1961-1963, Volume XX, Congo Crisis","Office of the Historian, U.S. Department of State (history.state.gov)",ACCESS_BLOCKED,"No resolver implemented for repository 'Office of the Historian, U.S. Department of State (history.state.gov)'.",,,,2026-08-02T20:33:56.150939Z
142,W.68,"U.S. newspaper coverage of Gandhi's Salt March and civil disobedience campaign, 1930","Chronicling America, Library of Congress (loc.gov/chroniclingamerica)",ACCESS_BLOCKED,"No resolver implemented for repository 'Chronicling America, Library of Congress (loc.gov/chroniclingamerica)'.",,,,2026-08-02T20:33:56.173597Z
150,W.72,"U.S. newspaper front-page coverage of the Cuban Revolution and Castro's takeover, January 1959","Chronicling America, Library of Congress (loc.gov/chroniclingamerica)",ACCESS_BLOCKED,"No resolver implemented for repository 'Chronicling America, Library of Congress (loc.gov/chroniclingamerica)'.",,,,2026-08-02T20:33:56.175019Z
151,W.72,U.S. Cold War intervention in Latin America (Nicaragua/Contras),U.S. National Archives (NARA),BROKEN_LINK,"NARA page at https://catalog.archives.gov/search?q=Nicaragua+Contras+Cold+War+Latin+America did not contain expected title terms ['intervention', 'latin', 'america', 'contras', 'nicaragua', 'cold'].",,,,2026-08-02T20:33:56.252805Z
152,W.73,"The Dayton Peace Accords, 1995 (General Framework Agreement for Peace in Bosnia and Herzegovina)",U.S. Department of State (state.gov),ACCESS_BLOCKED,No resolver implemented for repository 'U.S. Department of State (state.gov)'.,,,,2026-08-02T20:33:56.254413Z
138,W.66,Immigrants arriving at Ellis Island,Library of Congress,ACCESS_BLOCKED,LOC search request failed for query 'Immigrants arriving at Ellis Island': HTTP Error 429: Too Many Requests,,,,2026-08-02T20:34:00.839361Z
154,W.74,CIA research report: Kampuchea — A Demographic Catastrophe,"CIA FOIA Electronic Reading Room / U.S. National Archives (cia.gov, archives.gov)",ACCESS_BLOCKED,"No resolver implemented for repository 'CIA FOIA Electronic Reading Room / U.S. National Archives (cia.gov, archives.gov)'.",,,,2026-08-02T20:34:00.845576Z
149,W.71,Map of independent post-colonial Africa,Library of Congress,ACCESS_BLOCKED,LOC search request failed for query 'Map of independent post-colonial Africa': HTTP Error 429: Too Many Requests,,,,2026-08-02T20:34:00.851422Z
156,W.75,"Treaty on the Final Settlement with Respect to Germany (Two Plus Four Treaty), 1990",U.S. Department of State / Office of the Historian,ACCESS_BLOCKED,No resolver implemented for repository 'U.S. Department of State / Office of the Historian'.,,,,2026-08-02T20:34:00.855903Z
155,W.74,Declassified U.S. State Department records on the 1994 Rwandan genocide,U.S. National Archives (archives.gov),ACCESS_BLOCKED,No resolver implemented for repository 'U.S. National Archives (archives.gov)'.,,,,2026-08-02T20:34:00.869393Z
141,W.67,U.S. government (CIA) map of the 1947 partition of British India,Library of Congress,ACCESS_BLOCKED,LOC search request failed for query 'U.S. government (CIA) map of the 1947 partition of British India': HTTP Error 429: Too Many Requests,,,,2026-08-02T20:34:00.871121Z
153,W.73,Map of the former Yugoslavia's successor states,Library of Congress,ACCESS_BLOCKED,LOC search request failed for query 'Map of the former Yugoslavia's successor states': HTTP Error 429: Too Many Requests,,,,2026-08-02T20:34:00.974520Z
159,W.76,"The Oslo Accords, 1993",U.S. National Archives (NARA),BROKEN_LINK,"NARA page at https://catalog.archives.gov/search?q=Oslo+Accords+1993+Rabin+Arafat+handshake did not contain expected title terms ['1993', 'accords', 'oslo'].",,,,2026-08-02T20:34:00.976667Z
158,W.76,"The Camp David Accords, 1978",U.S. National Archives (NARA),BROKEN_LINK,"NARA page at https://catalog.archives.gov/search?q=Camp+David+Accords+1978+Sadat+Begin+Carter did not contain expected title terms ['1978', 'accords', 'camp', 'david'].",,,,2026-08-02T20:34:00.992557Z
157,W.75,Map of divided and reunified Germany,Library of Congress,ACCESS_BLOCKED,LOC search request failed for query 'Map of divided and reunified Germany': HTTP Error 429: Too Many Requests,,,,2026-08-02T20:34:05.595270Z
160,W.77,International population data and population pyramids,U.S. Census Bureau,ACCESS_BLOCKED,No resolver implemented for repository 'U.S. Census Bureau'.,,,,2026-08-02T20:34:05.608218Z
162,W.78,U.S. Census Bureau International Data Base: China population pyramids and demographic data,"U.S. Census Bureau, International Programs (census.gov)",ACCESS_BLOCKED,"No resolver implemented for repository 'U.S. Census Bureau, International Programs (census.gov)'.",,,,2026-08-02T20:34:05.609555Z
161,W.77,Historical world/national population statistics,U.S. Census Bureau,ACCESS_BLOCKED,No resolver implemented for repository 'U.S. Census Bureau'.,,,,2026-08-02T20:34:05.611301Z
166,W.80,GPS / NAVSTAR satellite,NASA Image and Video Library,ACCESS_BLOCKED,No resolver implemented for repository 'NASA Image and Video Library'.,,,,2026-08-02T20:34:05.612741Z
167,W.80,Satellite imagery and GIS mapping,U.S. Geological Survey,ACCESS_BLOCKED,No resolver implemented for repository 'U.S. Geological Survey'.,,,,2026-08-02T20:34:05.614442Z
168,W.81,Trafficking in Persons Report,"U.S. Dept. of State, Office of the Historian",ACCESS_BLOCKED,"No resolver implemented for repository 'U.S. Dept. of State, Office of the Historian'.",,,,2026-08-02T20:34:05.616022Z
165,W.79,"U.S. Public Health Service records and photographs of the polio vaccine, 1950s",U.S. National Archives (NARA) / CDC Public Health Image Library,ACCESS_BLOCKED,No resolver implemented for repository 'U.S. National Archives (NARA) / CDC Public Health Image Library'.,,,,2026-08-02T20:34:05.619461Z
163,W.78,World population growth and decline data,U.S. Census Bureau,ACCESS_BLOCKED,No resolver implemented for repository 'U.S. Census Bureau'.,,,,2026-08-02T20:34:05.627308Z
171,W.82,DARPA and NSF records and diagrams of the ARPANET and early Internet,U.S. National Archives (NARA) / National Science Foundation,ACCESS_BLOCKED,No resolver implemented for repository 'U.S. National Archives (NARA) / National Science Foundation'.,,,,2026-08-02T20:34:05.628616Z
164,W.79,"Apollo Moon landing, 1969",NASA Image and Video Library,ACCESS_BLOCKED,No resolver implemented for repository 'NASA Image and Video Library'.,,,,2026-08-02T20:34:05.644904Z
173,W.83,GATT / World Trade Organization founding documents,"U.S. Dept. of State, Office of the Historian",ACCESS_BLOCKED,"No resolver implemented for repository 'U.S. Dept. of State, Office of the Historian'.",,,,2026-08-02T20:34:05.646443Z
174,W.84,"Founding of the United Nations and the UN Charter, 1945","U.S. Dept. of State, Office of the Historian",ACCESS_BLOCKED,"No resolver implemented for repository 'U.S. Dept. of State, Office of the Historian'.",,,,2026-08-02T20:34:05.647718Z
175,W.84,U.S. government records on European integration and the European Union (FRUS and CIA reports),"Office of the Historian, U.S. Department of State / CIA FOIA Reading Room",ACCESS_BLOCKED,"No resolver implemented for repository 'Office of the Historian, U.S. Department of State / CIA FOIA Reading Room'.",,,,2026-08-02T20:34:05.648956Z
176,W.85,U.S. government data and reports on South and East Asian economic growth,U.S. Census Bureau (census.gov),ACCESS_BLOCKED,No resolver implemented for repository 'U.S. Census Bureau (census.gov)'.,,,,2026-08-02T20:34:05.650315Z
177,W.85,Asian economic growth data,U.S. Census Bureau,ACCESS_BLOCKED,No resolver implemented for repository 'U.S. Census Bureau'.,,,,2026-08-02T20:34:05.651575Z
178,W.86,U.S. Energy Information Administration data and maps of Persian Gulf oil production and reserves,U.S. Energy Information Administration (eia.gov),ACCESS_BLOCKED,No resolver implemented for repository 'U.S. Energy Information Administration (eia.gov)'.,,,,2026-08-02T20:34:05.652829Z
179,W.86,OPEC and the 1973 oil embargo,"U.S. Dept. of State, Office of the Historian",ACCESS_BLOCKED,"No resolver implemented for repository 'U.S. Dept. of State, Office of the Historian'.",,,,2026-08-02T20:34:05.654179Z
180,W.87,Renewable energy (wind and solar),U.S. Department of Energy,ACCESS_BLOCKED,No resolver implemented for repository 'U.S. Department of Energy'.,,,,2026-08-02T20:34:05.655556Z
181,W.87,Fossil-fuel energy infrastructure,U.S. Department of Energy,ACCESS_BLOCKED,No resolver implemented for repository 'U.S. Department of Energy'.,,,,2026-08-02T20:34:05.656879Z
170,W.82,U.S. Maritime Administration photographs of container shipping and ports,U.S. National Archives (NARA),BROKEN_LINK,"NARA page at https://catalog.archives.gov/search?q=Maritime+Administration+container+ship+port did not contain expected title terms ['ports', 'container', 'maritime', 'shipping', 'photographs', 'administration'].",,,,2026-08-02T20:34:05.710709Z
183,W.88,"Foreign Relations of the United States, 1977-1980, Iran (Revolution) volume","Office of the Historian, U.S. Department of State (history.state.gov)",ACCESS_BLOCKED,"No resolver implemented for repository 'Office of the Historian, U.S. Department of State (history.state.gov)'.",,,,2026-08-02T20:34:05.712279Z
172,W.83,"Signing of NAFTA, 1993",U.S. National Archives (NARA),BROKEN_LINK,"NARA page at https://catalog.archives.gov/search?q=NAFTA+signing+1993 did not contain expected title terms ['nafta', 'signing', '1993'].",,,,2026-08-02T20:34:05.719261Z
182,W.88,"The Persian Gulf War, 1991",U.S. National Archives (NARA),BROKEN_LINK,"NARA page at https://catalog.archives.gov/search?q=Persian+Gulf+War+1991+Desert+Storm did not contain expected title terms ['1991', 'gulf', 'persian'].",,,,2026-08-02T20:34:05.742923Z
184,W.89,"The September 11, 2001 attacks",U.S. National Archives (NARA),BROKEN_LINK,"NARA page at https://catalog.archives.gov/search?q=September+11+2001+attacks+World+Trade+Center did not contain expected title terms ['attacks', '2001', 'september'].",,,,2026-08-02T20:34:05.782702Z
169,W.81,International drug trafficking data / maps,Library of Congress,ACCESS_BLOCKED,LOC search request failed for query 'International drug trafficking data / maps': HTTP Error 429: Too Many Requests,,,,2026-08-02T20:34:10.328732Z
185,W.89,The 9/11 Commission Report (2004),U.S. Government Publishing Office (govinfo.gov),ACCESS_BLOCKED,No resolver implemented for repository 'U.S. Government Publishing Office (govinfo.gov)'.,,,,2026-08-02T20:34:10.331753Z
25,W.10,View of an industrial city (Manchester / Leeds),Library of Congress,FAILED_VALIDATION,Exactness validation failed: resolver selected a modern LOC book record rather than the specified 19th-century Manchester/Leeds view.,https://tile.loc.gov/storage-services/master/gdc/gdcebookspublic/20/25/47/41/32/2025474132/2025474132.gif#h=456&w=310,/home/user/workspace/primary_source_pipeline/assets/W.10/W.10_view_of_an_industrial_city_manchester_leeds.gif,ab7f00b9936434c4cbe2f4360a7220f06851b89ac058a9c9274514df6f9ca39b,2026-08-02T20:35:50.112303Z
33,W.14,Bessemer steel converter / electric telegraph,Library of Congress,FAILED_VALIDATION,Exactness validation failed: resolver selected a book page that does not establish the compound Bessemer-converter/electric-telegraph asset.,https://tile.loc.gov/image-services/iiif/public:gdcmassbookdig:bessemersteelore00fitc:bessemersteelore00fitc_0007/full/pct:100.0/0/default.jpg#h=3149&w=2036,/home/user/workspace/primary_source_pipeline/assets/W.14/W.14_bessemer_steel_converter_electric_telegraph.jpg,cf28b1418f5e82e104c22c31734a26fe7ca4ca525e5c8da76334b855853272c4,2026-08-02T20:35:50.113020Z
53,W.24,"Boxer Rebellion, 1900",Library of Congress,FAILED_VALIDATION,Exactness validation failed: resolver selected a book page rather than the specified contemporary Boxer Rebellion photograph.,https://tile.loc.gov/image-services/iiif/public:gdcmassbookdig:boxerrebellionpo00clem:boxerrebellionpo00clem_0011/full/pct:100.0/0/default.jpg#h=4303&w=2565,/home/user/workspace/primary_source_pipeline/assets/W.24/W.24_boxer_rebellion_1900.jpg,faa2893d838ba5c8783b916a7a3aea83a08222abe557b934a9b517382a6a144f,2026-08-02T20:35:50.113131Z
71,W.33,Treaty of Brest-Litovsk (1918),"Avalon Project, Yale Law School",FAILED_VALIDATION,"Content validation failed: downloaded Avalon URL is a navigation menu, not the Treaty of Brest-Litovsk source text.",https://avalon.law.yale.edu/subject_menus/blmenu.asp,/home/user/workspace/primary_source_pipeline/assets/W.33/W.33_treaty_of_brest_litovsk_1918.html,22810ce8cd4a01a6933f9c8eb3a53586770959dc2492fae0d2a493b4a3ecf15c,2026-08-02T20:35:50.113238Z
76,W.36,Treaty of Versailles (1919),"Avalon Project, Yale Law School",FAILED_VALIDATION,"Content validation failed: downloaded Avalon URL is a navigation menu, not the Treaty of Versailles source text.",https://avalon.law.yale.edu/subject_menus/versailles_menu.asp,/home/user/workspace/primary_source_pipeline/assets/W.36/W.36_treaty_of_versailles_1919.html,0766f49f5f6aba06b736aa1467dd3f3a2c1e572661a97be1ee25318887b28728,2026-08-02T20:35:50.113330Z
