row_id,standard,title,repository,status,error,source_page_url,timestamp
1,W.01,View of the Palace and Gardens of Versailles,Rijksmuseum,ACCESS_BLOCKED,"Rijksmuseum Collection API requires a registered Rijksstudio API key (none available in this environment); the public web search UI is JavaScript-rendered and its search endpoint is disallowed by rijksmuseum.nl/robots.txt for automated/API access, so the exact object cannot be deterministically resolved without credentials.",https://www.rijksmuseum.nl/en/search?q=Versailles+palace,2026-08-02T20:00:16.101088Z
2,W.01,Portrait of Peter the Great of Russia,Rijksmuseum,ACCESS_BLOCKED,"Rijksmuseum Collection API requires a registered Rijksstudio API key (none available in this environment); the public web search UI is JavaScript-rendered and its search endpoint is disallowed by rijksmuseum.nl/robots.txt for automated/API access, so the exact object cannot be deterministically resolved without credentials.",https://www.rijksmuseum.nl/en/search?q=Peter+the+Great+tsar,2026-08-02T20:00:16.108497Z
6,W.03,Two Treatises of Government,HathiTrust Digital Library,ACCESS_BLOCKED,"HathiTrust catalog and full-text search endpoints are behind an interactive Cloudflare bot-challenge (verified via direct HTTP probe returning a JS challenge page), which blocks deterministic automated resolution and full-volume download without a browser session/credentials.",https://catalog.hathitrust.org/Search/Home?lookfor=Locke+Two+Treatises+of+Government&type=all,2026-08-02T20:00:16.247557Z
7,W.03,Leviathan (frontispiece and text),HathiTrust Digital Library,ACCESS_BLOCKED,"HathiTrust catalog and full-text search endpoints are behind an interactive Cloudflare bot-challenge (verified via direct HTTP probe returning a JS challenge page), which blocks deterministic automated resolution and full-volume download without a browser session/credentials.",https://catalog.hathitrust.org/Search/Home?lookfor=Hobbes+Leviathan+1651&type=all,2026-08-02T20:00:16.248784Z
8,W.03,The Social Contract / The Spirit of the Laws,HathiTrust Digital Library,ACCESS_BLOCKED,"HathiTrust catalog and full-text search endpoints are behind an interactive Cloudflare bot-challenge (verified via direct HTTP probe returning a JS challenge page), which blocks deterministic automated resolution and full-volume download without a browser session/credentials.",https://catalog.hathitrust.org/Search/Home?lookfor=Rousseau+Social+Contract+Montesquieu+Spirit+of+Laws&type=all,2026-08-02T20:00:16.250321Z
9,W.04,The Execution of King Charles I (1649),Rijksmuseum,ACCESS_BLOCKED,"Rijksmuseum Collection API requires a registered Rijksstudio API key (none available in this environment); the public web search UI is JavaScript-rendered and its search endpoint is disallowed by rijksmuseum.nl/robots.txt for automated/API access, so the exact object cannot be deterministically resolved without credentials.",https://www.rijksmuseum.nl/en/search?q=execution+Charles+I+1649,2026-08-02T20:00:16.251596Z
13,W.05,What Is the Third Estate?,HathiTrust Digital Library,ACCESS_BLOCKED,"HathiTrust catalog and full-text search endpoints are behind an interactive Cloudflare bot-challenge (verified via direct HTTP probe returning a JS challenge page), which blocks deterministic automated resolution and full-volume download without a browser session/credentials.",https://catalog.hathitrust.org/Search/Home?lookfor=Sieyes+What+is+the+Third+Estate&type=all,2026-08-02T20:00:16.629413Z
14,W.06,"The Storming of the Bastille, 14 July 1789",Rijksmuseum,ACCESS_BLOCKED,"Rijksmuseum Collection API requires a registered Rijksstudio API key (none available in this environment); the public web search UI is JavaScript-rendered and its search endpoint is disallowed by rijksmuseum.nl/robots.txt for automated/API access, so the exact object cannot be deterministically resolved without credentials.",https://www.rijksmuseum.nl/en/search?q=storming+Bastille+1789,2026-08-02T20:00:16.630697Z
15,W.06,"The Execution of Louis XVI, January 1793",Rijksmuseum,ACCESS_BLOCKED,"Rijksmuseum Collection API requires a registered Rijksstudio API key (none available in this environment); the public web search UI is JavaScript-rendered and its search endpoint is disallowed by rijksmuseum.nl/robots.txt for automated/API access, so the exact object cannot be deterministically resolved without credentials.",https://www.rijksmuseum.nl/en/search?q=execution+Louis+XVI+1793,2026-08-02T20:00:16.632241Z
0,W.01,"Portrait of Louis XIV (""the Sun King"")",The Metropolitan Museum of Art,BROKEN_LINK,"No Met object matched required title tokens ['king', 'louis', 'sun', 'xiv'] AND creator tokens ['hyacinthe', 'rigaud'] for query 'Louis XIV Rigaud' within first 25 probed candidates (out of 886 total search hits).",https://www.metmuseum.org/search-results?q=Louis+XIV+Rigaud,2026-08-02T20:00:23.256831Z
10,W.04,Portrait of Oliver Cromwell,The Metropolitan Museum of Art,BROKEN_LINK,"No Met object matched required title tokens ['cromwell', 'oliver'] AND creator tokens ['cooper', 'robert', 'samuel', 'walker'] for query 'Oliver Cromwell portrait' within first 25 probed candidates (out of 298 total search hits).",https://www.metmuseum.org/search-results?q=Oliver+Cromwell+portrait,2026-08-02T20:00:23.547619Z
17,W.07,Napoleon Bonaparte (portrait),The Metropolitan Museum of Art,BROKEN_LINK,"No Met object matched required title tokens ['bonaparte', 'napoleon'] AND creator tokens ['david', 'ingres'] for query 'Napoleon Bonaparte portrait' within first 25 probed candidates (out of 432 total search hits).",https://www.metmuseum.org/search-results?q=Napoleon+Bonaparte+portrait,2026-08-02T20:00:34.649544Z
5,W.02,Magna Carta (original engrossment),Library of Congress,ACCESS_BLOCKED,"Ambiguous LOC match: 2 items tie on title overlap for 'Magna Carta (original engrossment)' (query='Magna Carta'). URLs: ['https://www.loc.gov/item/library-publications/magna-carta/', 'https://www.loc.gov/item/2021689514/']",https://www.loc.gov/search/?q=Magna+Carta,2026-08-02T20:00:41.394322Z
22,W.09,"Code Napoléon (French Civil Code, 1804)",HathiTrust Digital Library,ACCESS_BLOCKED,"HathiTrust catalog and full-text search endpoints are behind an interactive Cloudflare bot-challenge (verified via direct HTTP probe returning a JS challenge page), which blocks deterministic automated resolution and full-volume download without a browser session/credentials.",https://catalog.hathitrust.org/Search/Home?lookfor=Code+Napoleon+civil+code+1804&type=all,2026-08-02T20:00:41.395973Z
23,W.09,Congress of Vienna (1815) — print,Rijksmuseum,ACCESS_BLOCKED,"Rijksmuseum Collection API requires a registered Rijksstudio API key (none available in this environment); the public web search UI is JavaScript-rendered and its search endpoint is disallowed by rijksmuseum.nl/robots.txt for automated/API access, so the exact object cannot be deterministically resolved without credentials.",https://www.rijksmuseum.nl/en/search?q=Congress+of+Vienna+1815,2026-08-02T20:00:41.397504Z
16,W.06,"French Revolution prints (Bastille, Terror, Napoleon)",Library of Congress,ACCESS_BLOCKED,"Ambiguous LOC match: 3 items tie on title overlap for 'French Revolution prints (Bastille, Terror, Napoleon)' (query='French Revolution prints (Bastille, Terror, Napoleon)'). URLs: ['https://www.loc.gov/item/17008744/', 'https://www.loc.gov/item/13003679/', 'https://www.loc.gov/item/13006084/']",https://www.loc.gov/search/?q=French+Revolution+1789+Bastille,2026-08-02T20:00:44.850993Z
21,W.09,Haitian Declaration of Independence (1804),Library of Congress,ACCESS_BLOCKED,"Ambiguous LOC match: 3 items tie on title overlap for 'Haitian Declaration of Independence (1804)' (query='Haitian Declaration of Independence (1804)'). URLs: ['https://www.loc.gov/item/02005254/', 'https://www.loc.gov/item/2025857408/', 'https://www.loc.gov/item/2024876325/']",https://www.loc.gov/search/?q=Haiti+Declaration+of+Independence+1804,2026-08-02T20:00:47.383756Z
18,W.07,Map of the Napoleonic Empire / Russian Campaign of 1812,Library of Congress,ACCESS_BLOCKED,"Ambiguous LOC match: 6 items tie on title overlap for 'Map of the Napoleonic Empire / Russian Campaign of 1812' (query='Map of the Napoleonic Empire / Russian Campaign of 1812'). URLs: ['https://www.loc.gov/item/04011194/', 'https://www.loc.gov/item/13001682/', 'https://www.loc.gov/item/12019695/', 'https://www.loc.gov/item/04011385/', 'https://www.loc.gov/item/04017311/', 'https://www.loc.gov/item/04011187/']",https://www.loc.gov/search/?q=Napoleon+empire+Europe+map+1812,2026-08-02T20:01:03.428834Z
26,W.11,Watt steam engine (patent model / engraving),Smithsonian Institution,ACCESS_BLOCKED,No resolver implemented for repository 'Smithsonian Institution'.,https://www.si.edu/search?edan_q=Watt+steam+engine,2026-08-02T20:31:54.202371Z
24,W.10,Over London—by Rail,The New York Public Library Digital Collections,ACCESS_BLOCKED,No resolver implemented for repository 'The New York Public Library Digital Collections'.,https://digitalcollections.nypl.org/search/index?keywords=Gustave+Dore+London,2026-08-02T20:31:54.205984Z
29,W.12,Great Exhibition / Crystal Palace (1851),The New York Public Library Digital Collections,ACCESS_BLOCKED,No resolver implemented for repository 'The New York Public Library Digital Collections'.,https://digitalcollections.nypl.org/search/index?keywords=Crystal+Palace+Great+Exhibition+1851,2026-08-02T20:31:54.207202Z
28,W.12,Railway map of Europe (19th century),Library of Congress,ACCESS_BLOCKED,"Ambiguous LOC match: 9 items tie on title overlap for 'Railway map of Europe (19th century)' (query='Railway map of Europe (19th century)'). URLs: ['https://www.loc.gov/item/2021689131/', 'https://www.loc.gov/item/2020717875/', 'https://www.loc.gov/item/99004382/', 'https://www.loc.gov/item/c98000157/', 'https://www.loc.gov/item/07031748/', 'https://www.loc.gov/item/01030565/', 'https://www.loc.gov/item/01030699/', 'https://www.loc.gov/item/16025391/', 'https://www.loc.gov/item/2020718868/']",https://www.loc.gov/search/?q=railway+map+Europe+19th+century,2026-08-02T20:32:04.193117Z
31,W.13,The Interesting Narrative of the Life of Olaudah Equiano,"Documenting the American South, UNC-Chapel Hill",ACCESS_BLOCKED,"No resolver implemented for repository 'Documenting the American South, UNC-Chapel Hill'.",https://docsouth.unc.edu/neh/equiano1/equiano1.html,2026-08-02T20:32:04.207314Z
32,W.14,Steam locomotive (early railway engine),Smithsonian Institution,ACCESS_BLOCKED,No resolver implemented for repository 'Smithsonian Institution'.,https://www.si.edu/search?edan_q=steam+locomotive+19th+century,2026-08-02T20:32:04.212023Z
27,W.11,English cotton mill / textile factory,Library of Congress,ACCESS_BLOCKED,"Ambiguous LOC match: 8 items tie on title overlap for 'English cotton mill / textile factory' (query='English cotton mill / textile factory'). URLs: ['https://www.loc.gov/item/13016884/', 'https://www.loc.gov/item/23006130/', 'https://www.loc.gov/item/06020350/', 'https://www.loc.gov/item/08035181/', 'https://www.loc.gov/item/2024873714/', 'https://www.loc.gov/item/08037830/', 'https://www.loc.gov/item/2024890607/', 'https://www.loc.gov/item/2024890554/']",https://www.loc.gov/search/?q=cotton+mill+textile+factory+England,2026-08-02T20:32:04.337136Z
30,W.13,Stowage of the British slave ship Brookes,Library of Congress,BROKEN_LINK,"No LOC results matched title tokens ['british', 'brookes', 'ship', 'slave', 'stowage'] for queries tried: ['Stowage of the British slave ship Brookes', 'Brookes slave ship stowage diagram'].",https://www.loc.gov/search/?q=Brookes+slave+ship+stowage+diagram,2026-08-02T20:32:08.357747Z
36,W.16,The Communist Manifesto,HathiTrust Digital Library,ACCESS_BLOCKED,"HathiTrust catalog and full-text search endpoints are behind an interactive Cloudflare bot-challenge (verified via direct HTTP probe returning a JS challenge page), which blocks deterministic automated resolution and full-volume download without a browser session/credentials.",https://catalog.hathitrust.org/Search/Home?lookfor=Communist+Manifesto+Marx+Engels&type=all,2026-08-02T20:32:08.715603Z
37,W.16,An Inquiry into the Nature and Causes of the Wealth of Nations,HathiTrust Digital Library,ACCESS_BLOCKED,"HathiTrust catalog and full-text search endpoints are behind an interactive Cloudflare bot-challenge (verified via direct HTTP probe returning a JS challenge page), which blocks deterministic automated resolution and full-volume download without a browser session/credentials.",https://catalog.hathitrust.org/Search/Home?lookfor=Adam+Smith+Wealth+of+Nations&type=all,2026-08-02T20:32:08.716860Z
34,W.15,Child labor photographs (National Child Labor Committee),Library of Congress,ACCESS_BLOCKED,"Ambiguous LOC match: 4 items tie on title overlap for 'Child labor photographs (National Child Labor Committee)' (query='Child labor photographs (National Child Labor Committee)'). URLs: ['https://www.loc.gov/collections/national-child-labor-committee/about-this-collection/', 'https://www.loc.gov/item/sv92052699/', '//lccn.loc.gov/2004679968', 'https://www.loc.gov/item/2018674790/']",https://www.loc.gov/search/?q=Lewis+Hine+child+labor+mill,2026-08-02T20:32:10.520901Z
35,W.15,Coal mine / factory working conditions,Library of Congress,ACCESS_BLOCKED,"Ambiguous LOC match: 11 items tie on title overlap for 'Coal mine / factory working conditions' (query='Coal mine / factory working conditions'). URLs: ['https://www.loc.gov/item/14014128/', 'https://www.loc.gov/item/14014129/', 'https://www.loc.gov/item/2019670820/', 'https://www.loc.gov/item/19026191/', 'https://www.loc.gov/item/72601064/', 'https://www.loc.gov/item/2026587721/', 'https://www.loc.gov/item/l22000270/', 'https://www.loc.gov/item/86607950/', 'https://www.loc.gov/item/87600230/', 'https://www.loc.gov/item/82600227/', 'https://www.loc.gov/item/80039876/']",https://www.loc.gov/search/?q=coal+mine+working+conditions+19th+century,2026-08-02T20:32:13.183416Z
40,W.18,"""J'Accuse…!"" (open letter, L'Aurore front page)",HathiTrust Digital Library,ACCESS_BLOCKED,"HathiTrust catalog and full-text search endpoints are behind an interactive Cloudflare bot-challenge (verified via direct HTTP probe returning a JS challenge page), which blocks deterministic automated resolution and full-volume download without a browser session/credentials.",https://catalog.hathitrust.org/Search/Home?lookfor=Zola+J%27Accuse+Aurore+1898&type=all,2026-08-02T20:32:18.184550Z
42,W.19,The Rhodes Colossus,Library of Congress,ACCESS_BLOCKED,"Ambiguous LOC match: 3 items tie on title overlap for 'The Rhodes Colossus' (query='The Rhodes Colossus'). URLs: ['https://www.loc.gov/item/2004669342/', 'https://www.loc.gov/item/23026518/', 'https://www.loc.gov/item/2020046626/']",https://www.loc.gov/search/?q=Rhodes+Colossus+cartoon,2026-08-02T20:32:20.662576Z
43,W.19,The White Man's Burden,HathiTrust Digital Library,ACCESS_BLOCKED,"HathiTrust catalog and full-text search endpoints are behind an interactive Cloudflare bot-challenge (verified via direct HTTP probe returning a JS challenge page), which blocks deterministic automated resolution and full-volume download without a browser session/credentials.",https://catalog.hathitrust.org/Search/Home?lookfor=Kipling+White+Man%27s+Burden+1899&type=all,2026-08-02T20:32:20.664265Z
38,W.17,Otto von Bismarck (photograph/portrait),Library of Congress,ACCESS_BLOCKED,"Ambiguous LOC match: 6 items tie on title overlap for 'Otto von Bismarck (photograph/portrait)' (query='Otto von Bismarck (photograph/portrait)'). URLs: ['https://www.loc.gov/item/2018697064/', 'https://www.loc.gov/item/2016817363/', 'https://www.loc.gov/item/00650536/', 'https://www.loc.gov/item/2017656330/', 'https://www.loc.gov/item/2005684134/', 'https://www.loc.gov/item/99005468/']",https://www.loc.gov/search/?q=Otto+von+Bismarck+portrait,2026-08-02T20:32:22.002951Z
45,W.20,African trade and resources (illustrated),The New York Public Library Digital Collections,ACCESS_BLOCKED,No resolver implemented for repository 'The New York Public Library Digital Collections'.,https://digitalcollections.nypl.org/search/index?keywords=Africa+trade+ivory+rubber+19th+century,2026-08-02T20:32:22.004856Z
44,W.20,Map of Africa (late 19th century),Library of Congress,ACCESS_BLOCKED,"Ambiguous LOC match: 4 items tie on title overlap for 'Map of Africa (late 19th century)' (query='Map of Africa (late 19th century)'). URLs: ['https://www.loc.gov/item/2021692506/', 'https://www.loc.gov/item/2021690070/', 'https://www.loc.gov/item/2021689131/', 'https://www.loc.gov/item/2021690493/']",https://www.loc.gov/search/?q=Africa+map+1890+resources,2026-08-02T20:32:22.961483Z
47,W.21,The Berlin Conference of 1884-85,The New York Public Library Digital Collections,ACCESS_BLOCKED,No resolver implemented for repository 'The New York Public Library Digital Collections'.,https://digitalcollections.nypl.org/search/index?keywords=Berlin+Conference+1884+Africa,2026-08-02T20:32:22.963175Z
39,W.17,Giuseppe Garibaldi / Italian unification,Library of Congress,ACCESS_BLOCKED,"Ambiguous LOC match: 2 items tie on title overlap for 'Giuseppe Garibaldi / Italian unification' (query='Giuseppe Garibaldi / Italian unification'). URLs: ['https://www.congress.gov/bill/112th-congress/house-bill/742', 'https://www.congress.gov/bill/112th-congress/senate-bill/369']",https://www.loc.gov/search/?q=Giuseppe+Garibaldi+Italian+unification,2026-08-02T20:32:22.986955Z
49,W.22,"Anglo-Zulu War (Isandlwana / Rorke's Drift), 1879",The New York Public Library Digital Collections,ACCESS_BLOCKED,No resolver implemented for repository 'The New York Public Library Digital Collections'.,https://digitalcollections.nypl.org/search/index?keywords=Anglo-Zulu+War+1879+Isandlwana,2026-08-02T20:32:22.988514Z
50,W.23,"Opening of the Suez Canal, 1869",The New York Public Library Digital Collections,ACCESS_BLOCKED,No resolver implemented for repository 'The New York Public Library Digital Collections'.,https://digitalcollections.nypl.org/search/index?keywords=Suez+Canal+opening+1869,2026-08-02T20:32:22.989996Z
46,W.21,Map of the partition of Africa (colonial claims),Library of Congress,ACCESS_BLOCKED,"Ambiguous LOC match: 5 items tie on title overlap for 'Map of the partition of Africa (colonial claims)' (query='Map of the partition of Africa (colonial claims)'). URLs: ['https://www.loc.gov/item/a22000946/', 'https://www.loc.gov/item/98001165/', 'https://www.loc.gov/item/16023056/', 'https://www.loc.gov/item/02029499/', 'https://www.loc.gov/item/02029503/']",https://www.loc.gov/search/?q=colonial+Africa+partition+map+1900,2026-08-02T20:32:23.858805Z
52,W.24,Destruction of opium / First Opium War,The New York Public Library Digital Collections,ACCESS_BLOCKED,No resolver implemented for repository 'The New York Public Library Digital Collections'.,https://digitalcollections.nypl.org/search/index?keywords=Opium+War+China+1842,2026-08-02T20:32:23.860545Z
41,W.18,Dreyfus Affair — degradation of Alfred Dreyfus,Library of Congress,BROKEN_LINK,"No LOC results matched title tokens ['affair', 'alfred', 'degradation', 'dreyfus'] for queries tried: ['Dreyfus Affair — degradation of Alfred Dreyfus', 'Dreyfus affair degradation'].",https://www.loc.gov/search/?q=Dreyfus+affair+degradation,2026-08-02T20:32:24.096081Z
54,W.25,"Colonial exposition / ""human zoo"" imagery",The New York Public Library Digital Collections,ACCESS_BLOCKED,No resolver implemented for repository 'The New York Public Library Digital Collections'.,https://digitalcollections.nypl.org/search/index?keywords=colonial+exposition+1889,2026-08-02T20:32:24.097804Z
51,W.23,The Indian Rebellion (Sepoy Mutiny) of 1857,Library of Congress,ACCESS_BLOCKED,"Ambiguous LOC match: 3 items tie on title overlap for 'The Indian Rebellion (Sepoy Mutiny) of 1857' (query='The Indian Rebellion (Sepoy Mutiny) of 1857'). URLs: ['https://www.loc.gov/item/43020283/', 'https://www.loc.gov/item/04018014/', 'https://www.loc.gov/item/37007218/']",https://www.loc.gov/search/?q=Indian+Rebellion+1857+Sepoy+Mutiny,2026-08-02T20:32:25.998825Z
56,W.26,"Perry's ""Black Ships"" in Japan",The Metropolitan Museum of Art,BROKEN_LINK,"No Met object matched required title tokens ['black', 'japan', 'perry', 'ships'] AND creator tokens ['artists', 'japanese'] for query 'Black Ships Perry Japan woodblock' within first 8 probed candidates (out of 8 total search hits).",https://www.metmuseum.org/search-results?q=Black+Ships+Perry+Japan+woodblock,2026-08-02T20:32:28.932178Z
57,W.26,First Sino-Japanese War / Meiji modernization prints,The Metropolitan Museum of Art,BROKEN_LINK,"No Met object matched required title tokens ['first', 'japanese', 'meiji', 'modernization', 'prints', 'sino', 'war'] AND creator tokens ['artists', 'japanese'] for query 'Sino-Japanese War woodblock Meiji' within first 17 probed candidates (out of 17 total search hits).",https://www.metmuseum.org/search-results?q=Sino-Japanese+War+woodblock+Meiji,2026-08-02T20:32:32.105458Z
59,W.27,Guano / silver / rubber extraction in Latin America,The New York Public Library Digital Collections,ACCESS_BLOCKED,No resolver implemented for repository 'The New York Public Library Digital Collections'.,https://digitalcollections.nypl.org/search/index?keywords=Peru+guano+silver+mining+South+America,2026-08-02T20:32:32.107190Z
48,W.22,"The Battle of Adwa, 1896 (contemporary illustrated press engraving)",Library of Congress,ACCESS_BLOCKED,LOC search request failed for query 'Battle of Adwa Adowa 1896 Ethiopia Italy': HTTP Error 429: Too Many Requests,https://www.loc.gov/search/?q=Battle+of+Adwa+Adowa+1896+Ethiopia+Italy,2026-08-02T20:32:32.708197Z
58,W.27,Map of South America (19th century),Library of Congress,ACCESS_BLOCKED,LOC search request failed for query 'Map of South America (19th century)': HTTP Error 429: Too Many Requests,https://www.loc.gov/search/?q=South+America+map+19th+century,2026-08-02T20:32:33.556036Z
60,W.28,Construction of the Panama Canal,Library of Congress,ACCESS_BLOCKED,LOC search request failed for query 'Construction of the Panama Canal': HTTP Error 429: Too Many Requests,https://www.loc.gov/search/?q=Panama+Canal+construction+1913,2026-08-02T20:32:36.814616Z
61,W.28,"U.S. ""Big Stick"" intervention in Latin America",Library of Congress,ACCESS_BLOCKED,"LOC search request failed for query 'U.S. ""Big Stick"" intervention in Latin America': HTTP Error 429: Too Many Requests",https://www.loc.gov/search/?q=Big+Stick+Roosevelt+Latin+America+cartoon,2026-08-02T20:32:37.426603Z
55,W.25,Railways and infrastructure in colonial India/Africa,Library of Congress,ACCESS_BLOCKED,LOC search request failed for query 'colonial railway India Africa': HTTP Error 429: Too Many Requests,https://www.loc.gov/search/?q=colonial+railway+India+Africa,2026-08-02T20:33:17.973008Z
63,W.29,European alliances / armed-camp political cartoon,Library of Congress,ACCESS_BLOCKED,LOC search request failed for query 'European alliances / armed-camp political cartoon': HTTP Error 429: Too Many Requests,https://www.loc.gov/search/?q=European+alliances+cartoon+1914,2026-08-02T20:33:22.698483Z
65,W.30,World War I mobilization / alliance cartoon,Library of Congress,ACCESS_BLOCKED,LOC search request failed for query 'World War I mobilization / alliance cartoon': HTTP Error 429: Too Many Requests,https://www.loc.gov/search/?q=World+War+I+alliances+militarism+cartoon+1914,2026-08-02T20:33:22.702202Z
64,W.30,"Assassination of Archduke Franz Ferdinand, Sarajevo, 1914",Library of Congress,ACCESS_BLOCKED,"LOC search request failed for query 'Assassination of Archduke Franz Ferdinand, Sarajevo, 1914': HTTP Error 429: Too Many Requests",https://www.loc.gov/search/?q=Franz+Ferdinand+assassination+Sarajevo+1914,2026-08-02T20:33:22.705675Z
62,W.29,"Map of the Balkans, ""powder keg of Europe"" (c.1912)",Library of Congress,ACCESS_BLOCKED,"LOC search request failed for query 'Map of the Balkans, ""powder keg of Europe"" (c.1912)': HTTP Error 429: Too Many Requests",https://www.loc.gov/search/?q=Balkans+map+1912+Europe,2026-08-02T20:33:22.707048Z
66,W.31,World War I trench warfare photographs,U.S. National Archives (NARA),BROKEN_LINK,"NARA page at https://catalog.archives.gov/search?q=World+War+I+trench+warfare did not contain expected title terms ['trench', 'warfare', 'photographs', 'world'].",https://catalog.archives.gov/search?q=World+War+I+trench+warfare,2026-08-02T20:33:22.791061Z
69,W.32,Battle of the Somme / Verdun photographs,U.S. National Archives (NARA),BROKEN_LINK,"NARA page at https://catalog.archives.gov/search?q=Battle+of+the+Somme+Verdun+1916 did not contain expected title terms ['battle', 'verdun', 'photographs', 'somme'].",https://catalog.archives.gov/search?q=Battle+of+the+Somme+Verdun+1916,2026-08-02T20:33:22.814923Z
72,W.34,"Women munitions workers, World War I",U.S. National Archives (NARA),BROKEN_LINK,"NARA page at https://catalog.archives.gov/search?q=World+War+I+women+munitions+workers did not contain expected title terms ['workers', 'women', 'munitions', 'world'].",https://catalog.archives.gov/search?q=World+War+I+women+munitions+workers,2026-08-02T20:33:23.196826Z
67,W.31,"New weapons of WWI: tanks, gas masks, machine guns",Library of Congress,ACCESS_BLOCKED,"LOC search request failed for query 'New weapons of WWI: tanks, gas masks, machine guns': HTTP Error 429: Too Many Requests",https://www.loc.gov/search/?q=World+War+I+tank+poison+gas+machine+gun,2026-08-02T20:33:27.415264Z
68,W.32,"Map of the Western Front (Marne, Verdun, Somme)",Library of Congress,ACCESS_BLOCKED,"LOC search request failed for query 'Map of the Western Front (Marne, Verdun, Somme)': HTTP Error 429: Too Many Requests",https://www.loc.gov/search/?q=Western+Front+map+World+War+I+Verdun+Somme,2026-08-02T20:33:27.423039Z
70,W.33,"World War I recruitment poster (""I Want YOU"")",Library of Congress,ACCESS_BLOCKED,"LOC search request failed for query 'World War I recruitment poster (""I Want YOU"")': HTTP Error 429: Too Many Requests",https://www.loc.gov/search/?q=World+War+I+recruitment+poster+Uncle+Sam,2026-08-02T20:33:27.511080Z
75,W.35,1918 influenza pandemic photographs,U.S. National Archives (NARA),BROKEN_LINK,"NARA page at https://catalog.archives.gov/search?q=1918+influenza+pandemic did not contain expected title terms ['pandemic', 'photographs', 'influenza', '1918'].",https://catalog.archives.gov/search?q=1918+influenza+pandemic,2026-08-02T20:33:27.522500Z
73,W.34,World War I food conservation / rationing poster,Library of Congress,ACCESS_BLOCKED,LOC search request failed for query 'World War I food conservation / rationing poster': HTTP Error 429: Too Many Requests,https://www.loc.gov/search/?q=World+War+I+food+conservation+poster,2026-08-02T20:33:27.908201Z
74,W.35,Armenian Genocide / Near East Relief photographs,Library of Congress,ACCESS_BLOCKED,LOC search request failed for query 'Armenian Genocide / Near East Relief photographs': HTTP Error 429: Too Many Requests,https://www.loc.gov/search/?q=Armenian+refugees+Near+East+Relief+1915,2026-08-02T20:33:32.132184Z
77,W.36,"The ""Big Four"" at the Paris Peace Conference",Library of Congress,ACCESS_BLOCKED,"LOC search request failed for query 'The ""Big Four"" at the Paris Peace Conference': HTTP Error 429: Too Many Requests",https://www.loc.gov/search/?q=Big+Four+Paris+Peace+Conference+1919,2026-08-02T20:33:32.242926Z
79,W.37,Map of Europe after World War I,Library of Congress,ACCESS_BLOCKED,LOC search request failed for query 'Map of Europe after World War I': HTTP Error 429: Too Many Requests,https://www.loc.gov/search/?q=map+Europe+after+World+War+I+1919,2026-08-02T20:33:32.541938Z
81,W.38,Russian Revolution of 1917 photographs,Library of Congress,ACCESS_BLOCKED,LOC search request failed for query 'Russian Revolution of 1917 photographs': HTTP Error 429: Too Many Requests,https://www.loc.gov/search/?q=Russian+Revolution+1917+Petrograd,2026-08-02T20:33:32.790956Z
82,W.38,Bolshevik / Russian Civil War propaganda poster,Library of Congress,ACCESS_BLOCKED,LOC search request failed for query 'Bolshevik / Russian Civil War propaganda poster': HTTP Error 429: Too Many Requests,https://www.loc.gov/search/?q=Bolshevik+Russian+Civil+War+poster+1919,2026-08-02T20:33:36.847719Z
83,W.39,Jazz Age / Harlem Renaissance photographs,Library of Congress,ACCESS_BLOCKED,LOC search request failed for query 'Jazz Age / Harlem Renaissance photographs': HTTP Error 429: Too Many Requests,https://www.loc.gov/search/?q=Harlem+Renaissance+jazz+1920s,2026-08-02T20:33:36.961248Z
84,W.39,1920s American consumer-culture photographs (National Photo Company Collection),Library of Congress,ACCESS_BLOCKED,LOC search request failed for query '1920s American consumer-culture photographs (National Photo Company Collection)': HTTP Error 429: Too Many Requests,https://www.loc.gov/search/?q=National+Photo+Company+1920s+automobile+radio,2026-08-02T20:33:37.258912Z
85,W.40,"Crowds outside the New York Stock Exchange, 1929",Library of Congress,ACCESS_BLOCKED,"LOC search request failed for query 'Crowds outside the New York Stock Exchange, 1929': HTTP Error 429: Too Many Requests",https://www.loc.gov/search/?q=Wall+Street+crash+1929+crowd+stock+exchange,2026-08-02T20:33:37.518144Z
86,W.40,Great Depression breadlines / unemployment,Library of Congress,ACCESS_BLOCKED,LOC search request failed for query 'Great Depression breadlines / unemployment': HTTP Error 429: Too Many Requests,https://www.loc.gov/search/?q=Great+Depression+breadline+unemployed,2026-08-02T20:33:41.558606Z
90,W.42,"Foreign Relations of the United States — diplomatic records on Nazi Germany, Fascist Italy, and the Soviet Union (1930s)","Office of the Historian, U.S. Department of State (history.state.gov)",ACCESS_BLOCKED,"No resolver implemented for repository 'Office of the Historian, U.S. Department of State (history.state.gov)'.",https://history.state.gov/historicaldocuments/search?q=Germany+Italy+Soviet+Union+1930s,2026-08-02T20:33:41.573720Z
88,W.41,"Foreign Relations of the United States, 1933 — documents on Germany and the Nazi seizure of power","Office of the Historian, U.S. Department of State (history.state.gov)",ACCESS_BLOCKED,"No resolver implemented for repository 'Office of the Historian, U.S. Department of State (history.state.gov)'.",https://history.state.gov/historicaldocuments/search?q=Germany+1933+Hitler+Nazi,2026-08-02T20:33:41.576623Z
89,W.42,"U.S. Office of War Information anti-Axis propaganda poster (Hitler, Mussolini, Tojo)",U.S. National Archives (NARA),BROKEN_LINK,"NARA page at https://catalog.archives.gov/search?q=Office+of+War+Information+poster+Hitler+Mussolini+Tojo did not contain expected title terms ['axis', 'information', 'propaganda', 'anti', 'office', 'mussolini', 'hitler', 'tojo', 'poster'].",https://catalog.archives.gov/search?q=Office+of+War+Information+poster+Hitler+Mussolini+Tojo,2026-08-02T20:33:41.669597Z
92,W.43,"U.S. government map of Japanese expansion and resource areas in the Pacific, 1941-1942",U.S. National Archives (NARA),BROKEN_LINK,"NARA page at https://catalog.archives.gov/search?q=map+Japanese+expansion+Pacific+resources+1942 did not contain expected title terms ['1941', 'expansion', 'pacific', 'resource', 'areas', 'government', 'japanese', '1942'].",https://catalog.archives.gov/search?q=map+Japanese+expansion+Pacific+resources+1942,2026-08-02T20:33:41.672196Z
94,W.44,"Foreign Relations of the United States, Japan: 1931-1941 (Japanese aggression in China)","Office of the Historian, U.S. Department of State (history.state.gov)",ACCESS_BLOCKED,"No resolver implemented for repository 'Office of the Historian, U.S. Department of State (history.state.gov)'.",https://history.state.gov/historicaldocuments/search?q=Japan+1931-1941+China+aggression,2026-08-02T20:33:41.673744Z
91,W.43,"Map of Axis expansion / ""living space"" in Europe",U.S. National Archives (NARA),BROKEN_LINK,"NARA page at https://catalog.archives.gov/search?q=Axis+expansion+map+Europe+World+War+II did not contain expected title terms ['living', 'expansion', 'europe', 'space', 'axis'].",https://catalog.archives.gov/search?q=Axis+expansion+map+Europe+World+War+II,2026-08-02T20:33:41.731662Z
96,W.45,The U.S. Neutrality Acts of 1935-1939 (statute text),U.S. Government Publishing Office (govinfo.gov),ACCESS_BLOCKED,No resolver implemented for repository 'U.S. Government Publishing Office (govinfo.gov)'.,https://www.govinfo.gov/app/search/%7B%22query%22%3A%22Neutrality%20Act%201935%201937%201939%22%7D,2026-08-02T20:33:41.733193Z
97,W.46,World War II aircraft and strategic bombing,U.S. National Archives (NARA),BROKEN_LINK,"NARA page at https://catalog.archives.gov/search?q=World+War+II+strategic+bombing+aircraft did not contain expected title terms ['strategic', 'bombing', 'world', 'aircraft'].",https://catalog.archives.gov/search?q=World+War+II+strategic+bombing+aircraft,2026-08-02T20:33:41.830312Z
98,W.46,Pacific island-hopping campaign map,U.S. National Archives (NARA),BROKEN_LINK,"NARA page at https://catalog.archives.gov/search?q=Pacific+island+hopping+campaign+map+World+War+II did not contain expected title terms ['island', 'campaign', 'pacific', 'hopping'].",https://catalog.archives.gov/search?q=Pacific+island+hopping+campaign+map+World+War+II,2026-08-02T20:33:41.887378Z
100,W.47,Battle maps of the European and Pacific theaters,U.S. Army Center of Military History,ACCESS_BLOCKED,No resolver implemented for repository 'U.S. Army Center of Military History'.,https://history.army.mil/html/reference/army_flag/wwii.html,2026-08-02T20:33:41.888965Z
99,W.47,"D-Day landings at Normandy, 6 June 1944",U.S. National Archives (NARA),BROKEN_LINK,"NARA page at https://catalog.archives.gov/search?q=D-Day+Normandy+landing+1944 did not contain expected title terms ['normandy', '1944', 'june', 'landings'].",https://catalog.archives.gov/search?q=D-Day+Normandy+landing+1944,2026-08-02T20:33:41.937007Z
101,W.48,"The ""Big Three"" at the Yalta Conference, 1945",U.S. National Archives (NARA),BROKEN_LINK,"NARA page at https://catalog.archives.gov/search?q=Yalta+Conference+Big+Three+1945+Churchill+Roosevelt+Stalin did not contain expected title terms ['1945', 'yalta', 'three', 'conference'].",https://catalog.archives.gov/search?q=Yalta+Conference+Big+Three+1945+Churchill+Roosevelt+Stalin,2026-08-02T20:33:42.013748Z
103,W.49,"Foreign Relations of the United States, 1938 — the Evian Conference and Jewish refugees","Office of the Historian, U.S. Department of State (history.state.gov)",ACCESS_BLOCKED,"No resolver implemented for repository 'Office of the Historian, U.S. Department of State (history.state.gov)'.",https://history.state.gov/historicaldocuments/search?q=Evian+Conference+1938+refugees,2026-08-02T20:33:42.015369Z
102,W.48,U.S. Army Signal Corps photographs of Allied wartime leaders,U.S. National Archives (NARA),BROKEN_LINK,"NARA page at https://catalog.archives.gov/search?q=Signal+Corps+Roosevelt+Churchill+Truman+Stalin+conference did not contain expected title terms ['leaders', 'army', 'photographs', 'corps', 'allied', 'wartime', 'signal'].",https://catalog.archives.gov/search?q=Signal+Corps+Roosevelt+Churchill+Truman+Stalin+conference,2026-08-02T20:33:42.041556Z
104,W.49,The Nuremberg Laws (1935),U.S. National Archives (NARA),BROKEN_LINK,"NARA page at https://catalog.archives.gov/search?q=Nuremberg+Laws+1935+racial+chart did not contain expected title terms ['nuremberg', 'laws', '1935'].",https://catalog.archives.gov/search?q=Nuremberg+Laws+1935+racial+chart,2026-08-02T20:33:42.101429Z
106,W.50,"Nazi Conspiracy and Aggression (U.S. GPO, 1946) — documentary evidence of the Holocaust",U.S. Government Publishing Office / Library of Congress,ACCESS_BLOCKED,No resolver implemented for repository 'U.S. Government Publishing Office / Library of Congress'.,https://www.loc.gov/search/?q=Nazi+Conspiracy+and+Aggression+1946,2026-08-02T20:33:42.103402Z
105,W.50,"Liberation of Nazi concentration camps, 1945",U.S. National Archives (NARA),BROKEN_LINK,"NARA page at https://catalog.archives.gov/search?q=liberation+concentration+camps+1945 did not contain expected title terms ['camps', 'nazi', '1945', 'liberation', 'concentration'].",https://catalog.archives.gov/search?q=liberation+concentration+camps+1945,2026-08-02T20:33:42.105056Z
109,W.51,Tehran and Potsdam conference records,"U.S. Dept. of State, Office of the Historian",ACCESS_BLOCKED,"No resolver implemented for repository 'U.S. Dept. of State, Office of the Historian'.",https://history.state.gov/search?q=Tehran+Potsdam+conference,2026-08-02T20:33:42.243945Z
111,W.52,Trinity test and the Manhattan Project,U.S. Department of Energy,ACCESS_BLOCKED,No resolver implemented for repository 'U.S. Department of Energy'.,https://www.energy.gov/search?query=Manhattan+Project+Trinity+test,2026-08-02T20:33:42.258383Z
110,W.52,"Atomic bombing of Hiroshima and Nagasaki, 1945",U.S. National Archives (NARA),BROKEN_LINK,"NARA page at https://catalog.archives.gov/search?q=Hiroshima+Nagasaki+atomic+bomb+1945 did not contain expected title terms ['nagasaki', 'hiroshima', 'bombing', 'atomic', '1945'].",https://catalog.archives.gov/search?q=Hiroshima+Nagasaki+atomic+bomb+1945,2026-08-02T20:33:42.313901Z
87,W.41,"German hyperinflation, 1923",Library of Congress,ACCESS_BLOCKED,"LOC search request failed for query 'German hyperinflation, 1923': HTTP Error 429: Too Many Requests",https://www.loc.gov/search/?q=German+hyperinflation+1923+money,2026-08-02T20:33:46.281678Z
93,W.44,"Italian invasion of Ethiopia, 1935-36",Library of Congress,ACCESS_BLOCKED,"LOC search request failed for query 'Italian invasion of Ethiopia, 1935-36': HTTP Error 429: Too Many Requests",https://www.loc.gov/search/?q=Italy+invasion+Ethiopia+1935+Abyssinia,2026-08-02T20:33:46.381045Z
113,W.53,Founding of the United Nations / UN Charter (1945),"U.S. Dept. of State, Office of the Historian",ACCESS_BLOCKED,"No resolver implemented for repository 'U.S. Dept. of State, Office of the Historian'.",https://history.state.gov/search?q=United+Nations+founding+1945+San+Francisco,2026-08-02T20:33:46.395313Z
116,W.55,"UN Partition Plan for Palestine (Resolution 181), 1947","U.S. Dept. of State, Office of the Historian",ACCESS_BLOCKED,"No resolver implemented for repository 'U.S. Dept. of State, Office of the Historian'.",https://history.state.gov/search?q=Israel+creation+1948+partition+Palestine,2026-08-02T20:33:46.396967Z
112,W.53,"The Nuremberg Trials, 1945-46",U.S. National Archives (NARA),BROKEN_LINK,"NARA page at https://catalog.archives.gov/search?q=Nuremberg+Trials+1945+1946+defendants did not contain expected title terms ['trials', 'nuremberg', '1945'].",https://catalog.archives.gov/search?q=Nuremberg+Trials+1945+1946+defendants,2026-08-02T20:33:46.481918Z
118,W.56,"George F. Kennan, ""Long Telegram"" (1946)","U.S. National Archives / Office of the Historian, U.S. Department of State",ACCESS_BLOCKED,"No resolver implemented for repository 'U.S. National Archives / Office of the Historian, U.S. Department of State'.",https://history.state.gov/historicaldocuments/search?q=Kennan+long+telegram+1946,2026-08-02T20:33:46.483726Z
115,W.54,Marshall Plan / European Recovery Program poster,Library of Congress,ACCESS_BLOCKED,LOC search request failed for query 'Marshall Plan / European Recovery Program poster': HTTP Error 429: Too Many Requests,https://www.loc.gov/search/?q=Marshall+Plan+European+Recovery+Program+poster,2026-08-02T20:33:51.104794Z
114,W.54,"The Marshall Plan (Harvard commencement address, 1947)","Avalon Project, Yale Law School",BROKEN_LINK,Avalon page returned HTTP 404 for https://avalon.law.yale.edu/20th_century/marshall.asp.,https://avalon.law.yale.edu/20th_century/marshall.asp,2026-08-02T20:33:51.106199Z
117,W.55,Map of the 1947 UN partition of Palestine,Library of Congress,ACCESS_BLOCKED,LOC search request failed for query 'Map of the 1947 UN partition of Palestine': HTTP Error 429: Too Many Requests,https://www.loc.gov/search/?q=Palestine+partition+map+1947+Israel,2026-08-02T20:33:51.110350Z
119,W.56,U.S. government (CIA) map of Cold War Europe and the Soviet bloc,Library of Congress,ACCESS_BLOCKED,LOC search request failed for query 'U.S. government (CIA) map of Cold War Europe and the Soviet bloc': HTTP Error 429: Too Many Requests,https://www.loc.gov/search/?q=CIA+map+Europe+Soviet+bloc+iron+curtain,2026-08-02T20:33:51.198266Z
121,W.57,"United States Relations with China, With Special Reference to the Period 1944-1949 (the ""China White Paper"")","Office of the Historian, U.S. Department of State (history.state.gov)",ACCESS_BLOCKED,"No resolver implemented for repository 'Office of the Historian, U.S. Department of State (history.state.gov)'.",https://history.state.gov/historicaldocuments/search?q=China+White+Paper+1949,2026-08-02T20:33:51.210116Z
123,W.58,NSC-68: United States Objectives and Programs for National Security (1950),"Office of the Historian, U.S. Department of State / U.S. National Archives",ACCESS_BLOCKED,"No resolver implemented for repository 'Office of the Historian, U.S. Department of State / U.S. National Archives'.",https://history.state.gov/historicaldocuments/frus1950v01,2026-08-02T20:33:51.213594Z
120,W.57,"U.S. government (CIA) map of the Communist advance in China, 1949-1950",Library of Congress / U.S. National Archives,ACCESS_BLOCKED,No resolver implemented for repository 'Library of Congress / U.S. National Archives'.,https://www.loc.gov/search/?q=CIA+map+communist+China+1949+1950,2026-08-02T20:33:51.218878Z
126,W.60,"The Berlin Airlift, 1948-49",U.S. National Archives (NARA),BROKEN_LINK,"NARA page at https://catalog.archives.gov/search?q=Berlin+Airlift+1948+1949 did not contain expected title terms ['berlin', '1948', 'airlift'].",https://catalog.archives.gov/search?q=Berlin+Airlift+1948+1949,2026-08-02T20:33:51.288261Z
128,W.61,U.S. nuclear weapons test photographs,U.S. Department of Energy,ACCESS_BLOCKED,No resolver implemented for repository 'U.S. Department of Energy'.,https://www.energy.gov/search?query=nuclear+weapons+test,2026-08-02T20:33:51.341825Z
130,W.62,"Foreign Relations of the United States, 1955-1957, Eastern Europe (Hungarian Revolution)","Office of the Historian, U.S. Department of State (history.state.gov)",ACCESS_BLOCKED,"No resolver implemented for repository 'Office of the Historian, U.S. Department of State (history.state.gov)'.",https://history.state.gov/historicaldocuments/search?q=Hungary+1956+revolution,2026-08-02T20:33:51.346550Z
131,W.62,"Foreign Relations of the United States, 1964-1968, Volume XVII, Eastern Europe (Czechoslovak crisis documents)","Office of the Historian, U.S. Department of State (history.state.gov)",ACCESS_BLOCKED,"No resolver implemented for repository 'Office of the Historian, U.S. Department of State (history.state.gov)'.",https://history.state.gov/historicaldocuments/search?q=Czechoslovakia+1968,2026-08-02T20:33:51.348894Z
127,W.60,"Construction of the Berlin Wall, 1961",U.S. National Archives (NARA),BROKEN_LINK,"NARA page at https://catalog.archives.gov/search?q=Berlin+Wall+construction+1961 did not contain expected title terms ['construction', 'berlin', 'wall', '1961'].",https://catalog.archives.gov/search?q=Berlin+Wall+construction+1961,2026-08-02T20:33:51.378798Z
134,W.64,"Public Papers of the Presidents: George H. W. Bush, 1989 — statements on the fall of the Berlin Wall",U.S. Government Publishing Office (govinfo.gov),ACCESS_BLOCKED,No resolver implemented for repository 'U.S. Government Publishing Office (govinfo.gov)'.,https://www.govinfo.gov/app/search/%7B%22query%22%3A%22Bush%201989%20Berlin%20Wall%20Eastern%20Europe%22%7D,2026-08-02T20:33:51.380377Z
132,W.63,"The Korean War, 1950-53",U.S. National Archives (NARA),BROKEN_LINK,"NARA page at https://catalog.archives.gov/search?q=Korean+War+1950+1953 did not contain expected title terms ['korean', '1950'].",https://catalog.archives.gov/search?q=Korean+War+1950+1953,2026-08-02T20:33:51.404165Z
136,W.65,"Public Papers of the Presidents: George H. W. Bush, 1991 — statements on the dissolution of the Soviet Union",U.S. Government Publishing Office (govinfo.gov),ACCESS_BLOCKED,No resolver implemented for repository 'U.S. Government Publishing Office (govinfo.gov)'.,https://www.govinfo.gov/app/search/%7B%22query%22%3A%22Bush%201991%20Soviet%20Union%20dissolution%22%7D,2026-08-02T20:33:51.405839Z
129,W.61,"Cuban Missile Crisis reconnaissance photographs, 1962",U.S. National Archives (NARA),BROKEN_LINK,"NARA page at https://catalog.archives.gov/search?q=Cuban+Missile+Crisis+reconnaissance+1962 did not contain expected title terms ['missile', '1962', 'photographs', 'reconnaissance', 'cuban', 'crisis'].",https://catalog.archives.gov/search?q=Cuban+Missile+Crisis+reconnaissance+1962,2026-08-02T20:33:51.419893Z
133,W.63,The Vietnam War,U.S. National Archives (NARA),BROKEN_LINK,NARA page at https://catalog.archives.gov/search?q=Vietnam+War+combat did not contain expected title terms ['vietnam'].,https://catalog.archives.gov/search?q=Vietnam+War+combat,2026-08-02T20:33:51.458308Z
135,W.64,Reagan-Gorbachev summits,U.S. National Archives (NARA),BROKEN_LINK,"NARA page at https://catalog.archives.gov/search?q=Reagan+Gorbachev+summit did not contain expected title terms ['summits', 'reagan', 'gorbachev'].",https://catalog.archives.gov/search?q=Reagan+Gorbachev+summit,2026-08-02T20:33:51.469664Z
137,W.65,Map of the former Soviet republics,Library of Congress,ACCESS_BLOCKED,LOC search request failed for query 'Map of the former Soviet republics': HTTP Error 429: Too Many Requests,https://www.loc.gov/search/?q=former+Soviet+republics+map+1991,2026-08-02T20:33:56.127523Z
139,W.66,Emigrants / refugees departing by ship,The New York Public Library Digital Collections,ACCESS_BLOCKED,No resolver implemented for repository 'The New York Public Library Digital Collections'.,https://digitalcollections.nypl.org/search/index?keywords=emigrants+ship+departure+Europe,2026-08-02T20:33:56.138744Z
140,W.67,"U.S. newspaper front-page coverage of the Partition of India and Pakistan, August 1947","Chronicling America, Library of Congress (loc.gov/chroniclingamerica)",ACCESS_BLOCKED,"No resolver implemented for repository 'Chronicling America, Library of Congress (loc.gov/chroniclingamerica)'.",https://www.loc.gov/collections/chronicling-america/?q=India+Pakistan+partition+1947,2026-08-02T20:33:56.140242Z
143,W.68,"U.S. newspaper coverage of Indian independence and Nehru's new government, August 1947","Chronicling America, Library of Congress (loc.gov/chroniclingamerica)",ACCESS_BLOCKED,"No resolver implemented for repository 'Chronicling America, Library of Congress (loc.gov/chroniclingamerica)'.",https://www.loc.gov/collections/chronicling-america/?q=India+independence+Nehru+1947,2026-08-02T20:33:56.141713Z
144,W.69,"Foreign Relations of the United States, 1958-1960, Volume XIV, Africa","Office of the Historian, U.S. Department of State (history.state.gov)",ACCESS_BLOCKED,"No resolver implemented for repository 'Office of the Historian, U.S. Department of State (history.state.gov)'.",https://history.state.gov/historicaldocuments/search?q=Africa+independence+1958-1960,2026-08-02T20:33:56.144347Z
145,W.69,"Foreign Relations of the United States, 1955-1957, Suez Crisis volumes (Nasser and the Suez Canal)","Office of the Historian, U.S. Department of State (history.state.gov)",ACCESS_BLOCKED,"No resolver implemented for repository 'Office of the Historian, U.S. Department of State (history.state.gov)'.",https://history.state.gov/historicaldocuments/search?q=Suez+crisis+1956+Nasser,2026-08-02T20:33:56.145828Z
146,W.70,CIA map: South Africa — Black Homelands (Bantustans),"Library of Congress / U.S. National Archives (loc.gov, archives.gov)",ACCESS_BLOCKED,"No resolver implemented for repository 'Library of Congress / U.S. National Archives (loc.gov, archives.gov)'.",https://www.loc.gov/search/?q=CIA+map+South+Africa+homelands+bantustan,2026-08-02T20:33:56.147390Z
147,W.70,Comprehensive Anti-Apartheid Act of 1986 (Public Law 99-440),U.S. Government Publishing Office (govinfo.gov),ACCESS_BLOCKED,No resolver implemented for repository 'U.S. Government Publishing Office (govinfo.gov)'.,https://www.govinfo.gov/app/search/%7B%22query%22%3A%22Comprehensive%20Anti-Apartheid%20Act%201986%22%7D,2026-08-02T20:33:56.149081Z
148,W.71,"Foreign Relations of the United States, 1961-1963, Volume XX, Congo Crisis","Office of the Historian, U.S. Department of State (history.state.gov)",ACCESS_BLOCKED,"No resolver implemented for repository 'Office of the Historian, U.S. Department of State (history.state.gov)'.",https://history.state.gov/historicaldocuments/frus1961-63v20,2026-08-02T20:33:56.150943Z
142,W.68,"U.S. newspaper coverage of Gandhi's Salt March and civil disobedience campaign, 1930","Chronicling America, Library of Congress (loc.gov/chroniclingamerica)",ACCESS_BLOCKED,"No resolver implemented for repository 'Chronicling America, Library of Congress (loc.gov/chroniclingamerica)'.",https://www.loc.gov/collections/chronicling-america/?q=Gandhi+salt+march+1930,2026-08-02T20:33:56.173601Z
150,W.72,"U.S. newspaper front-page coverage of the Cuban Revolution and Castro's takeover, January 1959","Chronicling America, Library of Congress (loc.gov/chroniclingamerica)",ACCESS_BLOCKED,"No resolver implemented for repository 'Chronicling America, Library of Congress (loc.gov/chroniclingamerica)'.",https://www.loc.gov/collections/chronicling-america/?q=Castro+Cuba+revolution+1959,2026-08-02T20:33:56.175023Z
151,W.72,U.S. Cold War intervention in Latin America (Nicaragua/Contras),U.S. National Archives (NARA),BROKEN_LINK,"NARA page at https://catalog.archives.gov/search?q=Nicaragua+Contras+Cold+War+Latin+America did not contain expected title terms ['intervention', 'latin', 'america', 'contras', 'nicaragua', 'cold'].",https://catalog.archives.gov/search?q=Nicaragua+Contras+Cold+War+Latin+America,2026-08-02T20:33:56.252812Z
152,W.73,"The Dayton Peace Accords, 1995 (General Framework Agreement for Peace in Bosnia and Herzegovina)",U.S. Department of State (state.gov),ACCESS_BLOCKED,No resolver implemented for repository 'U.S. Department of State (state.gov)'.,https://www.state.gov/search/?q=Dayton+Accords+Bosnia+1995,2026-08-02T20:33:56.254417Z
138,W.66,Immigrants arriving at Ellis Island,Library of Congress,ACCESS_BLOCKED,LOC search request failed for query 'Immigrants arriving at Ellis Island': HTTP Error 429: Too Many Requests,https://www.loc.gov/search/?q=immigrants+Ellis+Island+arriving,2026-08-02T20:34:00.839485Z
154,W.74,CIA research report: Kampuchea — A Demographic Catastrophe,"CIA FOIA Electronic Reading Room / U.S. National Archives (cia.gov, archives.gov)",ACCESS_BLOCKED,"No resolver implemented for repository 'CIA FOIA Electronic Reading Room / U.S. National Archives (cia.gov, archives.gov)'.",https://www.cia.gov/readingroom/search/site/Kampuchea%20demographic%20catastrophe,2026-08-02T20:34:00.845585Z
149,W.71,Map of independent post-colonial Africa,Library of Congress,ACCESS_BLOCKED,LOC search request failed for query 'Map of independent post-colonial Africa': HTTP Error 429: Too Many Requests,https://www.loc.gov/search/?q=independent+Africa+political+map+decolonization,2026-08-02T20:34:00.851437Z
156,W.75,"Treaty on the Final Settlement with Respect to Germany (Two Plus Four Treaty), 1990",U.S. Department of State / Office of the Historian,ACCESS_BLOCKED,No resolver implemented for repository 'U.S. Department of State / Office of the Historian'.,https://history.state.gov/historicaldocuments/search?q=Final+Settlement+Germany+1990+Two+Plus+Four,2026-08-02T20:34:00.855913Z
155,W.74,Declassified U.S. State Department records on the 1994 Rwandan genocide,U.S. National Archives (archives.gov),ACCESS_BLOCKED,No resolver implemented for repository 'U.S. National Archives (archives.gov)'.,https://catalog.archives.gov/search?q=Rwanda%20genocide%201994%20State%20Department,2026-08-02T20:34:00.869407Z
141,W.67,U.S. government (CIA) map of the 1947 partition of British India,Library of Congress,ACCESS_BLOCKED,LOC search request failed for query 'U.S. government (CIA) map of the 1947 partition of British India': HTTP Error 429: Too Many Requests,https://www.loc.gov/search/?q=CIA+map+India+Pakistan+partition+1947,2026-08-02T20:34:00.871129Z
153,W.73,Map of the former Yugoslavia's successor states,Library of Congress,ACCESS_BLOCKED,LOC search request failed for query 'Map of the former Yugoslavia's successor states': HTTP Error 429: Too Many Requests,https://www.loc.gov/search/?q=former+Yugoslavia+successor+states+map,2026-08-02T20:34:00.974527Z
159,W.76,"The Oslo Accords, 1993",U.S. National Archives (NARA),BROKEN_LINK,"NARA page at https://catalog.archives.gov/search?q=Oslo+Accords+1993+Rabin+Arafat+handshake did not contain expected title terms ['1993', 'accords', 'oslo'].",https://catalog.archives.gov/search?q=Oslo+Accords+1993+Rabin+Arafat+handshake,2026-08-02T20:34:00.976673Z
158,W.76,"The Camp David Accords, 1978",U.S. National Archives (NARA),BROKEN_LINK,"NARA page at https://catalog.archives.gov/search?q=Camp+David+Accords+1978+Sadat+Begin+Carter did not contain expected title terms ['1978', 'accords', 'camp', 'david'].",https://catalog.archives.gov/search?q=Camp+David+Accords+1978+Sadat+Begin+Carter,2026-08-02T20:34:00.992562Z
157,W.75,Map of divided and reunified Germany,Library of Congress,ACCESS_BLOCKED,LOC search request failed for query 'Map of divided and reunified Germany': HTTP Error 429: Too Many Requests,https://www.loc.gov/search/?q=divided+Germany+East+West+map,2026-08-02T20:34:05.595277Z
160,W.77,International population data and population pyramids,U.S. Census Bureau,ACCESS_BLOCKED,No resolver implemented for repository 'U.S. Census Bureau'.,https://www.census.gov/search-results.html?q=international+population+pyramid,2026-08-02T20:34:05.608223Z
162,W.78,U.S. Census Bureau International Data Base: China population pyramids and demographic data,"U.S. Census Bureau, International Programs (census.gov)",ACCESS_BLOCKED,"No resolver implemented for repository 'U.S. Census Bureau, International Programs (census.gov)'.",https://www.census.gov/data-tools/demo/idb/#/country?COUNTRY_YEAR=2020&COUNTRY_YR_ANIM=2020&menu=popViz&FIPS_SINGLE=CH,2026-08-02T20:34:05.609561Z
161,W.77,Historical world/national population statistics,U.S. Census Bureau,ACCESS_BLOCKED,No resolver implemented for repository 'U.S. Census Bureau'.,https://www.census.gov/search-results.html?q=world+population+historical+estimates,2026-08-02T20:34:05.611306Z
166,W.80,GPS / NAVSTAR satellite,NASA Image and Video Library,ACCESS_BLOCKED,No resolver implemented for repository 'NASA Image and Video Library'.,https://images.nasa.gov/search?q=GPS+NAVSTAR+satellite,2026-08-02T20:34:05.612745Z
167,W.80,Satellite imagery and GIS mapping,U.S. Geological Survey,ACCESS_BLOCKED,No resolver implemented for repository 'U.S. Geological Survey'.,https://www.usgs.gov/search?keys=satellite+imagery+Landsat+GIS,2026-08-02T20:34:05.614448Z
168,W.81,Trafficking in Persons Report,"U.S. Dept. of State, Office of the Historian",ACCESS_BLOCKED,"No resolver implemented for repository 'U.S. Dept. of State, Office of the Historian'.",https://history.state.gov/search?q=trafficking+in+persons,2026-08-02T20:34:05.616026Z
165,W.79,"U.S. Public Health Service records and photographs of the polio vaccine, 1950s",U.S. National Archives (NARA) / CDC Public Health Image Library,ACCESS_BLOCKED,No resolver implemented for repository 'U.S. National Archives (NARA) / CDC Public Health Image Library'.,https://catalog.archives.gov/search?q=polio+vaccine+Public+Health+Service+1955,2026-08-02T20:34:05.619465Z
163,W.78,World population growth and decline data,U.S. Census Bureau,ACCESS_BLOCKED,No resolver implemented for repository 'U.S. Census Bureau'.,https://www.census.gov/search-results.html?q=population+growth+decline+projections+country,2026-08-02T20:34:05.627313Z
171,W.82,DARPA and NSF records and diagrams of the ARPANET and early Internet,U.S. National Archives (NARA) / National Science Foundation,ACCESS_BLOCKED,No resolver implemented for repository 'U.S. National Archives (NARA) / National Science Foundation'.,https://catalog.archives.gov/search?q=ARPANET+DARPA+network+diagram,2026-08-02T20:34:05.628620Z
164,W.79,"Apollo Moon landing, 1969",NASA Image and Video Library,ACCESS_BLOCKED,No resolver implemented for repository 'NASA Image and Video Library'.,https://images.nasa.gov/search?q=Apollo+11+Moon+landing+1969,2026-08-02T20:34:05.644909Z
173,W.83,GATT / World Trade Organization founding documents,"U.S. Dept. of State, Office of the Historian",ACCESS_BLOCKED,"No resolver implemented for repository 'U.S. Dept. of State, Office of the Historian'.",https://history.state.gov/search?q=GATT+World+Trade+Organization+trade+agreement,2026-08-02T20:34:05.646447Z
174,W.84,"Founding of the United Nations and the UN Charter, 1945","U.S. Dept. of State, Office of the Historian",ACCESS_BLOCKED,"No resolver implemented for repository 'U.S. Dept. of State, Office of the Historian'.",https://history.state.gov/search?q=United+Nations+Charter+1945+founding,2026-08-02T20:34:05.647723Z
175,W.84,U.S. government records on European integration and the European Union (FRUS and CIA reports),"Office of the Historian, U.S. Department of State / CIA FOIA Reading Room",ACCESS_BLOCKED,"No resolver implemented for repository 'Office of the Historian, U.S. Department of State / CIA FOIA Reading Room'.",https://history.state.gov/historicaldocuments/search?q=European+integration+European+Community,2026-08-02T20:34:05.648960Z
176,W.85,U.S. government data and reports on South and East Asian economic growth,U.S. Census Bureau (census.gov),ACCESS_BLOCKED,No resolver implemented for repository 'U.S. Census Bureau (census.gov)'.,https://www.census.gov/foreign-trade/balance/index.html,2026-08-02T20:34:05.650318Z
177,W.85,Asian economic growth data,U.S. Census Bureau,ACCESS_BLOCKED,No resolver implemented for repository 'U.S. Census Bureau'.,https://www.census.gov/search-results.html?q=Asia+trade+economic+growth+data,2026-08-02T20:34:05.651578Z
178,W.86,U.S. Energy Information Administration data and maps of Persian Gulf oil production and reserves,U.S. Energy Information Administration (eia.gov),ACCESS_BLOCKED,No resolver implemented for repository 'U.S. Energy Information Administration (eia.gov)'.,https://www.eia.gov/international/analysis/special-topics/Persian_Gulf,2026-08-02T20:34:05.652833Z
179,W.86,OPEC and the 1973 oil embargo,"U.S. Dept. of State, Office of the Historian",ACCESS_BLOCKED,"No resolver implemented for repository 'U.S. Dept. of State, Office of the Historian'.",https://history.state.gov/search?q=OPEC+oil+embargo+1973,2026-08-02T20:34:05.654183Z
180,W.87,Renewable energy (wind and solar),U.S. Department of Energy,ACCESS_BLOCKED,No resolver implemented for repository 'U.S. Department of Energy'.,https://www.energy.gov/search?query=renewable+energy+wind+solar,2026-08-02T20:34:05.655560Z
181,W.87,Fossil-fuel energy infrastructure,U.S. Department of Energy,ACCESS_BLOCKED,No resolver implemented for repository 'U.S. Department of Energy'.,https://www.energy.gov/search?query=fossil+fuel+coal+oil+power+plant,2026-08-02T20:34:05.656883Z
170,W.82,U.S. Maritime Administration photographs of container shipping and ports,U.S. National Archives (NARA),BROKEN_LINK,"NARA page at https://catalog.archives.gov/search?q=Maritime+Administration+container+ship+port did not contain expected title terms ['ports', 'container', 'maritime', 'shipping', 'photographs', 'administration'].",https://catalog.archives.gov/search?q=Maritime+Administration+container+ship+port,2026-08-02T20:34:05.710717Z
183,W.88,"Foreign Relations of the United States, 1977-1980, Iran (Revolution) volume","Office of the Historian, U.S. Department of State (history.state.gov)",ACCESS_BLOCKED,"No resolver implemented for repository 'Office of the Historian, U.S. Department of State (history.state.gov)'.",https://history.state.gov/historicaldocuments/search?q=Iran+revolution+1977-1980,2026-08-02T20:34:05.712284Z
172,W.83,"Signing of NAFTA, 1993",U.S. National Archives (NARA),BROKEN_LINK,"NARA page at https://catalog.archives.gov/search?q=NAFTA+signing+1993 did not contain expected title terms ['nafta', 'signing', '1993'].",https://catalog.archives.gov/search?q=NAFTA+signing+1993,2026-08-02T20:34:05.719268Z
182,W.88,"The Persian Gulf War, 1991",U.S. National Archives (NARA),BROKEN_LINK,"NARA page at https://catalog.archives.gov/search?q=Persian+Gulf+War+1991+Desert+Storm did not contain expected title terms ['1991', 'gulf', 'persian'].",https://catalog.archives.gov/search?q=Persian+Gulf+War+1991+Desert+Storm,2026-08-02T20:34:05.742929Z
184,W.89,"The September 11, 2001 attacks",U.S. National Archives (NARA),BROKEN_LINK,"NARA page at https://catalog.archives.gov/search?q=September+11+2001+attacks+World+Trade+Center did not contain expected title terms ['attacks', '2001', 'september'].",https://catalog.archives.gov/search?q=September+11+2001+attacks+World+Trade+Center,2026-08-02T20:34:05.782708Z
169,W.81,International drug trafficking data / maps,Library of Congress,ACCESS_BLOCKED,LOC search request failed for query 'International drug trafficking data / maps': HTTP Error 429: Too Many Requests,https://www.loc.gov/search/?q=drug+trafficking+international+report+map,2026-08-02T20:34:10.328739Z
185,W.89,The 9/11 Commission Report (2004),U.S. Government Publishing Office (govinfo.gov),ACCESS_BLOCKED,No resolver implemented for repository 'U.S. Government Publishing Office (govinfo.gov)'.,https://www.govinfo.gov/app/collection/gpo/,2026-08-02T20:34:10.331757Z
25,W.10,View of an industrial city (Manchester / Leeds),Library of Congress,FAILED_VALIDATION,Exactness validation failed: resolver selected a modern LOC book record rather than the specified 19th-century Manchester/Leeds view.,https://www.loc.gov/search/?q=Manchester+industrial+city+19th+century,2026-08-02T20:35:50.112891Z
33,W.14,Bessemer steel converter / electric telegraph,Library of Congress,FAILED_VALIDATION,Exactness validation failed: resolver selected a book page that does not establish the compound Bessemer-converter/electric-telegraph asset.,https://www.loc.gov/search/?q=Bessemer+steel+converter+telegraph,2026-08-02T20:35:50.113073Z
53,W.24,"Boxer Rebellion, 1900",Library of Congress,FAILED_VALIDATION,Exactness validation failed: resolver selected a book page rather than the specified contemporary Boxer Rebellion photograph.,https://www.loc.gov/search/?q=Boxer+Rebellion+1900+China,2026-08-02T20:35:50.113173Z
71,W.33,Treaty of Brest-Litovsk (1918),"Avalon Project, Yale Law School",FAILED_VALIDATION,"Content validation failed: downloaded Avalon URL is a navigation menu, not the Treaty of Brest-Litovsk source text.",https://avalon.law.yale.edu/subject_menus/blmenu.asp,2026-08-02T20:35:50.113280Z
76,W.36,Treaty of Versailles (1919),"Avalon Project, Yale Law School",FAILED_VALIDATION,"Content validation failed: downloaded Avalon URL is a navigation menu, not the Treaty of Versailles source text.",https://avalon.law.yale.edu/subject_menus/versailles_menu.asp,2026-08-02T20:35:50.113368Z
