Unit / Cluster,Standard,Standard Text,Geo?,Primary Source,Type,Creator,Year,Repository,Rights / License,Commercial Use OK?,Link,Link Type,Academic Citation,Alt Text,Verified?,Schedule F (SSP),Fit / Note,Guardrail Check
"Foundations of Human Civilization: c. 10,000-3500 BCE",6.01,"Identify the meaning of time designations and abbreviations used by historians, including: BC / BCE; AD / CE; Circa (c. or ca), decades, centuries",,Fasti Antiates Maiores (Roman calendar / consular dating inscription),inscription,Ancient Roman (unknown),c. 60 BCE,The Met,CC0 1.0 (Met Open Access),Yes,https://www.metmuseum.org/search-results?q=roman+calendar+inscription+fasti,search,"Roman calendar inscription (Fasti), c. 60 BCE. The Metropolitan Museum of Art, New York.",Ancient Roman stone slab carved with grid-like columns of month and day markings used to track the calendar year.,NO,SSP.01; SSP.02,"Abstract standard on time designations (BC/BCE, AD/CE, circa, centuries). Best artifact fit is an ancient dated inscription/calendar; verifier should confirm a Roman calendrical or consular-dated stone.",OK
"Foundations of Human Civilization: c. 10,000-3500 BCE",6.01,"Identify the meaning of time designations and abbreviations used by historians, including: BC / BCE; AD / CE; Circa (c. or ca), decades, centuries",,Egyptian astronomical / calendrical ceiling or water clock (clepsydra),artifact,Ancient Egyptian (unknown),c. 1400-300 BCE,The Met,CC0 1.0 (Met Open Access),Yes,https://www.metmuseum.org/search-results?q=egyptian+water+clock+clepsydra+calendar,search,"Egyptian water clock (clepsydra), New Kingdom / Late Period. The Metropolitan Museum of Art, New York.",Ancient Egyptian carved stone or bronze vessel used to measure the passage of hours by draining water.,NO,SSP.01; SSP.02,Alternate for time-keeping concepts; supports how ancient peoples marked and measured time.,OK
"Foundations of Human Civilization: c. 10,000-3500 BCE",6.02,"Describe the characteristics of the nomadic hunter-gatherer societies, including their use of: Basic hunting weapons; Fire; Shelter; Tools",,Paleolithic hand axe (Acheulean stone tool),artifact,Prehistoric hunter-gatherer (unknown),"c. 1,000,000-100,000 BP",Smithsonian,"Public Domain / CC0 (Smithsonian Open Access, verify item)",Yes,https://www.si.edu/search?edan_q=paleolithic+hand+axe+stone+tool,search,"Paleolithic hand axe, Smithsonian National Museum of Natural History, Human Origins collection.",Teardrop-shaped chipped stone hand axe with sharpened flaked edges made by early humans.,NO,SSP.01; SSP.02,Directly illustrates hunter-gatherer stone tools/weapons. Smithsonian Human Origins is ideal.,OK
"Foundations of Human Civilization: c. 10,000-3500 BCE",6.02,"Describe the characteristics of the nomadic hunter-gatherer societies, including their use of: Basic hunting weapons; Fire; Shelter; Tools",,Neolithic flint spear point / scraper,artifact,Prehistoric hunter-gatherer (unknown),"c. 10,000-5000 BCE",The Met,CC0 1.0 (Met Open Access),Yes,https://www.metmuseum.org/search-results?q=flint+spear+point+neolithic,search,"Flint projectile point, Neolithic. The Metropolitan Museum of Art, New York.",Sharpened flint spear point knapped to a fine edge for hunting.,NO,SSP.01; SSP.02,Alternate hunting-weapon/tool artifact.,OK
"Foundations of Human Civilization: c. 10,000-3500 BCE",6.03,"Explain the impact of the Agricultural Revolution, including: Barter economy; Domestication of plants and animals; Emergence of permanent settlements; Food surpluses; Labor specialization; New sources of clothing and shelter",Yes,Neolithic sickle blade and grinding stone (early agriculture),artifact,Neolithic farmer (unknown),c. 8000-4000 BCE,The Met,CC0 1.0 (Met Open Access),Yes,https://www.metmuseum.org/search-results?q=neolithic+sickle+grinding+stone,search,"Neolithic sickle blade / grinding stone. The Metropolitan Museum of Art, New York.",Ancient curved harvesting blade set with flint teeth and a stone quern used to grind grain.,NO,SSP.01; SSP.02; SSP.06,"Illustrates domestication of plants, food surplus, and settled farming of the Agricultural Revolution.",OK
"Foundations of Human Civilization: c. 10,000-3500 BCE",6.03,"Explain the impact of the Agricultural Revolution, including: Barter economy; Domestication of plants and animals; Emergence of permanent settlements; Food surpluses; Labor specialization; New sources of clothing and shelter",Yes,Early Neolithic pottery vessel (settled village life / food storage),artifact,Neolithic potter (unknown),c. 6000-4000 BCE,Smithsonian,"Public Domain / CC0 (Smithsonian Open Access, verify item)",Yes,https://www.si.edu/search?edan_q=neolithic+pottery+vessel,search,"Neolithic storage jar, Smithsonian National Museum of Asian Art.",Hand-built clay storage jar from an early farming village used to hold grain surplus.,NO,SSP.01; SSP.02,Alternate: pottery signals permanent settlement and food surplus/storage.,OK
"Foundations of Human Civilization: c. 10,000-3500 BCE",6.04,Identify and explain the importance of the following key characteristics of civilizations: Culture; Government; Religion; Social structure; Stable food supply; Technology; Writing,Yes,Sumerian cuneiform administrative tablet (writing + government),inscription,Sumerian scribe (unknown),c. 3100-2000 BCE,The Met,CC0 1.0 (Met Open Access),Yes,https://www.metmuseum.org/search-results?q=cuneiform+tablet+sumerian,search,"Cuneiform administrative tablet, Sumerian. The Metropolitan Museum of Art, New York.",Small clay tablet impressed with wedge-shaped cuneiform signs recording goods and quantities.,NO,SSP.01; SSP.02,"Embodies several civilization traits at once: writing, government/record-keeping, and organized economy.",OK
"Foundations of Human Civilization: c. 10,000-3500 BCE",6.04,Identify and explain the importance of the following key characteristics of civilizations: Culture; Government; Religion; Social structure; Stable food supply; Technology; Writing,Yes,Mesopotamian cylinder seal and modern impression,artifact,Mesopotamian (unknown),c. 3000-2000 BCE,The Met,CC0 1.0 (Met Open Access),Yes,https://www.metmuseum.org/search-results?q=cylinder+seal+mesopotamia,search,"Cylinder seal with impression, Mesopotamian. The Metropolitan Museum of Art, New York.",Small carved stone cylinder and the raised clay impression it produces showing figures and symbols.,NO,SSP.01; SSP.02,"Alternate: seals show writing, religion, social status, and technology of early civilization.",OK
Ancient Mesopotamia: c. 3500-1700 BCE,6.05,"Identify and locate geographical features of ancient Mesopotamia, including: Black Sea; Persian Gulf; Euphrates River; Tigris River; Mediterranean Sea; Zagros Mountains",Yes,Historical map of ancient Mesopotamia / the Fertile Crescent,map,Cartographer (varies),19th-early 20th c.,Library of Congress,No known copyright restrictions (Library of Congress),Yes,https://www.loc.gov/search/?q=map+ancient+mesopotamia+tigris+euphrates,search,"Map of ancient Mesopotamia, Library of Congress Geography and Map Division.","Historical map showing the Tigris and Euphrates rivers, the Persian Gulf, and surrounding mountains.",NO,SSP.01; SSP.02; SSP.06,"Geography-locate standard: Tigris, Euphrates, Persian Gulf, Zagros, Black/Mediterranean Seas.",OK
Ancient Mesopotamia: c. 3500-1700 BCE,6.05,"Identify and locate geographical features of ancient Mesopotamia, including: Black Sea; Persian Gulf; Euphrates River; Tigris River; Mediterranean Sea; Zagros Mountains",Yes,Antique map of the Near East / Mesopotamia region,map,Cartographer (varies),18th-19th c.,NYPL,Public Domain (NYPL Digital Collections),Yes,https://digitalcollections.nypl.org/search/index?keywords=map+mesopotamia+tigris+euphrates,search,"Map of Mesopotamia and the Near East, The New York Public Library Digital Collections.",Old printed map of the region between the Tigris and Euphrates rivers labeled in period script.,NO,SSP.01; SSP.02; SSP.06,Alternate historical map for locating Mesopotamian features.,OK
Ancient Mesopotamia: c. 3500-1700 BCE,6.06,Explain how geographic and climatic features led to the region being known as the Fertile Crescent.,Yes,Historical physical map of the Fertile Crescent,map,Cartographer (varies),19th-early 20th c.,Library of Congress,No known copyright restrictions (Library of Congress),Yes,https://www.loc.gov/search/?q=fertile+crescent+map,search,"Map of the Fertile Crescent, Library of Congress Geography and Map Division.",Crescent-shaped band of fertile river land arcing from the Persian Gulf to the Mediterranean.,NO,SSP.01; SSP.02; SSP.06,Supports how river-valley geography and climate created fertile farmland.,OK
Ancient Mesopotamia: c. 3500-1700 BCE,6.06,Explain how geographic and climatic features led to the region being known as the Fertile Crescent.,Yes,Sumerian votive plaque depicting agriculture / offerings,artifact,Sumerian (unknown),c. 2600-2350 BCE,The Met,CC0 1.0 (Met Open Access),Yes,https://www.metmuseum.org/search-results?q=sumerian+votive+relief+offering,search,"Sumerian votive relief, Early Dynastic. The Metropolitan Museum of Art, New York.",Carved stone plaque showing figures bearing agricultural offerings.,NO,SSP.01; SSP.02,Alternate: ties fertile-land abundance to Sumerian society.,OK
Ancient Mesopotamia: c. 3500-1700 BCE,6.07,"Explain how irrigation, silt, metallurgy, production of tools, use of animals, slave labor, and inventions such as the wheel, sail, and plow led to advancements in agriculture.",,Mesopotamian model / depiction of a wheeled cart or plow,artifact,Mesopotamian (unknown),c. 3000-2000 BCE,The Met,CC0 1.0 (Met Open Access),Yes,https://www.metmuseum.org/search-results?q=mesopotamia+wheel+chariot+model,search,"Model of a wheeled vehicle, Mesopotamian. The Metropolitan Museum of Art, New York.",Terracotta model of an early wheeled cart illustrating the invention of the wheel.,NO,SSP.01; SSP.02,"Illustrates inventions (wheel, cart) that advanced agriculture and transport.",OK
Ancient Mesopotamia: c. 3500-1700 BCE,6.07,"Explain how irrigation, silt, metallurgy, production of tools, use of animals, slave labor, and inventions such as the wheel, sail, and plow led to advancements in agriculture.",,Bronze/copper tools from ancient Mesopotamia (metallurgy),artifact,Mesopotamian (unknown),c. 3000-1500 BCE,The Met,CC0 1.0 (Met Open Access),Yes,https://www.metmuseum.org/search-results?q=mesopotamia+bronze+tool+axe,search,"Bronze tools, Mesopotamian. The Metropolitan Museum of Art, New York.",Cast copper-alloy axe heads and implements showing early metallurgy.,NO,SSP.01; SSP.02,Alternate: metallurgy and tool production advancing agriculture.,OK
Ancient Mesopotamia: c. 3500-1700 BCE,6.08,"Analyze how advancements in agriculture in Sumer led to economic growth, expansion of trade and transportation, and the emergence of independent city-states.",Yes,Sumerian votive statue from a temple (city-state religion/economy),sculpture,Sumerian (unknown),c. 2900-2600 BCE,The Met,CC0 1.0 (Met Open Access),Yes,https://www.metmuseum.org/search-results?q=sumerian+standing+male+worshiper+statue,search,"Standing male worshiper, Sumerian, Early Dynastic. The Metropolitan Museum of Art, New York.",Small stone statue of a standing worshiper with clasped hands and large inlaid eyes.,NO,SSP.01; SSP.02; SSP.06,"Sumerian city-state culture, temple economy, and independent city-states.",OK
Ancient Mesopotamia: c. 3500-1700 BCE,6.08,"Analyze how advancements in agriculture in Sumer led to economic growth, expansion of trade and transportation, and the emergence of independent city-states.",Yes,Cylinder seal depicting trade / banquet scene,artifact,Sumerian (unknown),c. 2600-2350 BCE,The Met,CC0 1.0 (Met Open Access),Yes,https://www.metmuseum.org/search-results?q=cylinder+seal+banquet+sumerian,search,"Cylinder seal, Early Dynastic. The Metropolitan Museum of Art, New York.","Carved seal impression showing seated figures at a banquet, reflecting economic surplus.",NO,SSP.01; SSP.02,"Alternate: trade, wealth, and administration in Sumerian city-states.",OK
Ancient Mesopotamia: c. 3500-1700 BCE,6.09,"Explain the basic concepts of monarchy and empire, and identify Mesopotamia as the regional location of the world's first empire.",Yes,Head of an Akkadian ruler / Akkadian royal sculpture (first empire),sculpture,Akkadian (unknown),c. 2300-2200 BCE,The Met,CC0 1.0 (Met Open Access),Yes,https://www.metmuseum.org/search-results?q=akkadian+ruler+sculpture,search,"Akkadian royal sculpture, Akkadian period. The Metropolitan Museum of Art, New York.","Bronze or stone head of an Akkadian king with braided beard, symbol of imperial monarchy.",NO,SSP.01; SSP.02; SSP.06,Sargon of Akkad's empire is the world's first empire; ties to monarchy/empire concepts.,OK
Ancient Mesopotamia: c. 3500-1700 BCE,6.09,"Explain the basic concepts of monarchy and empire, and identify Mesopotamia as the regional location of the world's first empire.",Yes,Assyrian royal relief from a palace (imperial power),relief,Assyrian (unknown),c. 883-859 BCE,The Met,CC0 1.0 (Met Open Access),Yes,https://www.metmuseum.org/search-results?q=assyrian+palace+relief+ashurnasirpal,search,"Assyrian palace relief of Ashurnasirpal II, Nimrud. The Metropolitan Museum of Art, New York.",Carved alabaster panel showing an enthroned Assyrian king with attendants.,NO,SSP.01; SSP.02,Alternate: Assyrian palace reliefs (Met owns Nimrud panels) illustrate empire and kingship.,OK
Ancient Mesopotamia: c. 3500-1700 BCE,6.10,"Explain the concept of polytheism and its presence in Mesopotamia, with respect to beliefs about the relationship of deities to the natural world and their importance in everyday life.",,Cylinder seal with Mesopotamian deities (polytheism),artifact,Mesopotamian (unknown),c. 2300-1800 BCE,The Met,CC0 1.0 (Met Open Access),Yes,https://www.metmuseum.org/search-results?q=cylinder+seal+god+deity+mesopotamia,search,"Cylinder seal with presentation to a deity, Akkadian. The Metropolitan Museum of Art, New York.",Seal impression showing a worshiper led before a seated Mesopotamian god.,NO,SSP.01; SSP.02,Shows multiple deities and worshiper relationships central to Mesopotamian polytheism.,OK
Ancient Mesopotamia: c. 3500-1700 BCE,6.10,"Explain the concept of polytheism and its presence in Mesopotamia, with respect to beliefs about the relationship of deities to the natural world and their importance in everyday life.",,Statuette of a Mesopotamian deity or demon (Pazuzu / god figure),sculpture,Mesopotamian (unknown),c. 1000-500 BCE,The Met,CC0 1.0 (Met Open Access),Yes,https://www.metmuseum.org/search-results?q=mesopotamian+deity+statuette+pazuzu,search,"Statuette of a deity, Mesopotamian. The Metropolitan Museum of Art, New York.",Small bronze figure of a Mesopotamian supernatural being tied to everyday belief.,NO,SSP.01; SSP.02,Alternate: gods/spirits in daily Mesopotamian religious life.,OK
Ancient Mesopotamia: c. 3500-1700 BCE,6.11,"Identify important achievements of the Mesopotamian civilization, including cuneiform, clay tablets, and ziggurats, and identify the Epic of Gilgamesh as the oldest written epic.",,Cuneiform clay tablet (writing achievement),inscription,Babylonian/Sumerian scribe (unknown),c. 2000-1700 BCE,The Met,CC0 1.0 (Met Open Access),Yes,https://www.metmuseum.org/search-results?q=cuneiform+tablet,search,"Cuneiform tablet. The Metropolitan Museum of Art, New York.",Clay tablet densely covered in wedge-shaped cuneiform script.,NO,SSP.01; SSP.02,Cuneiform and clay tablets; the Epic of Gilgamesh was recorded in cuneiform on such tablets.,OK
Ancient Mesopotamia: c. 3500-1700 BCE,6.11,"Identify important achievements of the Mesopotamian civilization, including cuneiform, clay tablets, and ziggurats, and identify the Epic of Gilgamesh as the oldest written epic.",,Inscribed foundation cone / brick from a ziggurat,artifact,Sumerian/Babylonian (unknown),c. 2100-1800 BCE,The Met,CC0 1.0 (Met Open Access),Yes,https://www.metmuseum.org/search-results?q=foundation+cone+brick+cuneiform+ziggurat,search,"Inscribed foundation cone, Mesopotamian. The Metropolitan Museum of Art, New York.",Clay cone or brick stamped with cuneiform commemorating a temple or ziggurat's construction.,NO,SSP.01; SSP.02,Alternate: physical piece of ziggurat/temple construction; ties to Mesopotamian achievements.,OK
Ancient Mesopotamia: c. 3500-1700 BCE,6.12,"Analyze the impact of the introduction of written law in the Code of Hammurabi, and explain its basic principles of justice.",,Cast of the Law Code of Hammurabi stele,inscription,Babylonian (reign of Hammurabi),c. 1754 BCE,The Met,CC0 1.0 (Met Open Access),Yes,https://www.metmuseum.org/search-results?q=hammurabi+law+code+cast+stele,search,"Cast of the stele of Hammurabi's law code. The Metropolitan Museum of Art, New York.","Tall black stone stele topped by a relief of Hammurabi before a god, covered in cuneiform laws.",NO,SSP.01; SSP.02,The original stele is at the Louvre (not approved); the Met holds a public cast. Verifier should confirm the Met cast or use an approved photo.,OK
Ancient Mesopotamia: c. 3500-1700 BCE,6.12,"Analyze the impact of the introduction of written law in the Code of Hammurabi, and explain its basic principles of justice.",,Babylonian cuneiform legal / contract tablet,inscription,Babylonian scribe (unknown),c. 1800-1600 BCE,The Met,CC0 1.0 (Met Open Access),Yes,https://www.metmuseum.org/search-results?q=babylonian+legal+contract+tablet+cuneiform,search,"Cuneiform legal contract tablet, Old Babylonian. The Metropolitan Museum of Art, New York.",Clay tablet recording a legal contract in cuneiform with witness seals.,NO,SSP.01; SSP.02,Alternate: written law/legal practice in Babylonia; complements the Hammurabi code.,OK
Ancient Egypt: c. 3000-700 BCE,6.13,"Identify and locate geographical features of ancient Egypt, including: Mediterranean Sea; Red Sea; Nile Delta; The regions of Upper and Lower Egypt; Nile River; The Sahara",Yes,Historical map of ancient Egypt and the Nile,map,Cartographer (varies),19th-early 20th c.,Library of Congress,No known copyright restrictions (Library of Congress),Yes,https://www.loc.gov/search/?q=map+ancient+egypt+nile,search,"Map of ancient Egypt, Library of Congress Geography and Map Division.","Historical map showing the Nile River, delta, Upper and Lower Egypt, and the Red and Mediterranean Seas.",NO,SSP.01; SSP.02; SSP.06,"Geography-locate: Nile, delta, Upper/Lower Egypt, Sahara, Red/Mediterranean Seas.",OK
Ancient Egypt: c. 3000-700 BCE,6.13,"Identify and locate geographical features of ancient Egypt, including: Mediterranean Sea; Red Sea; Nile Delta; The regions of Upper and Lower Egypt; Nile River; The Sahara",Yes,Antique map of Egypt and the Nile Valley,map,Cartographer (varies),18th-19th c.,NYPL,Public Domain (NYPL Digital Collections),Yes,https://digitalcollections.nypl.org/search/index?keywords=map+egypt+nile,search,"Map of Egypt, The New York Public Library Digital Collections.",Old printed map of Egypt tracing the Nile from the cataracts to the Mediterranean delta.,NO,SSP.01; SSP.02; SSP.06,Alternate historical map of Egypt.,OK
Ancient Egypt: c. 3000-700 BCE,6.14,"Explain how agricultural practices impacted life and economic growth in ancient Egypt, including the use of irrigation and development of a calendar.",Yes,Egyptian tomb model of a granary or plowing scene,artifact,Ancient Egyptian (unknown),c. 1981-1885 BCE,The Met,CC0 1.0 (Met Open Access),Yes,https://www.metmuseum.org/search-results?q=egyptian+model+granary+plowing,search,"Model granary from a tomb, Middle Kingdom. The Metropolitan Museum of Art, New York.",Painted wooden model of workers measuring and storing grain in an Egyptian granary.,NO,SSP.01; SSP.02; SSP.06,"Nile agriculture, irrigation harvests, and food surplus economy. Met has many Meketre tomb models.",OK
Ancient Egypt: c. 3000-700 BCE,6.14,"Explain how agricultural practices impacted life and economic growth in ancient Egypt, including the use of irrigation and development of a calendar.",Yes,Tomb relief of Nile agricultural / harvest scene,relief,Ancient Egyptian (unknown),c. 1400-1300 BCE,The Met,CC0 1.0 (Met Open Access),Yes,https://www.metmuseum.org/search-results?q=egyptian+harvest+relief+agriculture,search,"Relief of agricultural scene, New Kingdom. The Metropolitan Museum of Art, New York.","Carved and painted relief showing Egyptians sowing, plowing, and harvesting grain by the Nile.",NO,SSP.01; SSP.02,Alternate: farming and irrigation supporting Egypt's economy.,OK
Ancient Egypt: c. 3000-700 BCE,6.15,"Explain the structure of ancient Egyptian society, including: Relationships between groups of people; How social classes were organized by occupation; Positions of pharaohs as god/kings; Role of slaves",,Egyptian tomb model of workers / scribes (social hierarchy),artifact,Ancient Egyptian (unknown),c. 1981-1885 BCE,The Met,CC0 1.0 (Met Open Access),Yes,https://www.metmuseum.org/search-results?q=egyptian+model+scribe+workers+offering+bearers,search,"Tomb model of laborers / offering bearers, Middle Kingdom. The Metropolitan Museum of Art, New York.",Painted wooden figures of Egyptian laborers and a scribe representing different social classes.,NO,SSP.01; SSP.02,"Occupational social classes: scribes, laborers, servants under the pharaoh.",OK
Ancient Egypt: c. 3000-700 BCE,6.15,"Explain the structure of ancient Egyptian society, including: Relationships between groups of people; How social classes were organized by occupation; Positions of pharaohs as god/kings; Role of slaves",,Seated statue of an Egyptian scribe / official,sculpture,Ancient Egyptian (unknown),c. 2400-1900 BCE,The Met,CC0 1.0 (Met Open Access),Yes,https://www.metmuseum.org/search-results?q=egyptian+scribe+statue+official,search,"Statue of a seated scribe/official. The Metropolitan Museum of Art, New York.","Stone statue of a cross-legged Egyptian scribe, a high-status literate official.",NO,SSP.01; SSP.02,Alternate: elite scribal/official class in Egyptian society.,OK
Ancient Egypt: c. 3000-700 BCE,6.16,"Explain the polytheistic religion of ancient Egypt, with respect to beliefs about the afterlife, the reasons for mummification, and the use of pyramids.",,Egyptian Book of the Dead papyrus,manuscript,Ancient Egyptian (unknown),c. 1300-1000 BCE,The Met,CC0 1.0 (Met Open Access),Yes,https://www.metmuseum.org/search-results?q=book+of+the+dead+papyrus,search,"Book of the Dead papyrus, New Kingdom / Third Intermediate Period. The Metropolitan Museum of Art, New York.",Painted papyrus scroll showing the weighing of the heart and the journey to the afterlife.,NO,SSP.01; SSP.02,Afterlife beliefs central to Egyptian polytheism.,OK
Ancient Egypt: c. 3000-700 BCE,6.16,"Explain the polytheistic religion of ancient Egypt, with respect to beliefs about the afterlife, the reasons for mummification, and the use of pyramids.",,Egyptian canopic jars / coffin (mummification),artifact,Ancient Egyptian (unknown),c. 1000-700 BCE,The Met,CC0 1.0 (Met Open Access),Yes,https://www.metmuseum.org/search-results?q=canopic+jars+coffin+mummy,search,"Set of canopic jars, Egyptian. The Metropolitan Museum of Art, New York.",Four canopic jars with animal- and human-headed lids used to store organs during mummification.,NO,SSP.01; SSP.02,Alternate: mummification practices and afterlife preparation.,OK
Ancient Egypt: c. 3000-700 BCE,6.17,"Analyze the impact of key figures from ancient Egypt, including: Growth under the leadership of Queen Hatshepsut and her economic policies; Ramses the Great's military conquests leading to growth of the kingdom; Significance of the discovery of Tutankhamun's tomb on the understanding of ancient Egypt",Yes,Seated statue of Queen Hatshepsut,sculpture,Ancient Egyptian (unknown),c. 1479-1458 BCE,The Met,CC0 1.0 (Met Open Access),Yes,https://www.metmuseum.org/search-results?q=hatshepsut+statue,search,"Statue of Hatshepsut, New Kingdom. The Metropolitan Museum of Art, New York.",Large limestone statue of the female pharaoh Hatshepsut seated in royal regalia.,NO,SSP.01; SSP.02; SSP.06,Met holds an outstanding group of Hatshepsut statues; ideal flagship for this key figure.,OK
Ancient Egypt: c. 3000-700 BCE,6.17,"Analyze the impact of key figures from ancient Egypt, including: Growth under the leadership of Queen Hatshepsut and her economic policies; Ramses the Great's military conquests leading to growth of the kingdom; Significance of the discovery of Tutankhamun's tomb on the understanding of ancient Egypt",Yes,Statue / relief of Ramses II (Ramses the Great),sculpture,Ancient Egyptian (unknown),c. 1279-1213 BCE,The Met,CC0 1.0 (Met Open Access),Yes,https://www.metmuseum.org/search-results?q=ramesses+ramses+ii+statue+relief,search,"Sculpture of Ramesses II, New Kingdom. The Metropolitan Museum of Art, New York.",Carved image of the pharaoh Ramses the Great in royal crown and regalia.,NO,SSP.01; SSP.02,Alternate key figure; for Tutankhamun a Smithsonian/LOC excavation photo could substitute.,OK
Ancient Egypt: c. 3000-700 BCE,6.18,"Analyze the achievements of ancient Egyptian civilization, including: hieroglyphics, papyrus, and the pyramids and Sphinx at Giza.",Yes,Egyptian relief with hieroglyphic inscription,relief,Ancient Egyptian (unknown),c. 1350-1200 BCE,The Met,CC0 1.0 (Met Open Access),Yes,https://www.metmuseum.org/search-results?q=egyptian+relief+hieroglyphs,search,"Relief with hieroglyphic inscription, New Kingdom. The Metropolitan Museum of Art, New York.",Carved stone panel covered in Egyptian hieroglyphic writing and figures.,NO,SSP.01; SSP.02; SSP.06,Hieroglyphics and papyrus. For the Sphinx/pyramids use the alternate photograph.,OK
Ancient Egypt: c. 3000-700 BCE,6.18,"Analyze the achievements of ancient Egyptian civilization, including: hieroglyphics, papyrus, and the pyramids and Sphinx at Giza.",Yes,Historic photograph of the Pyramids and Great Sphinx at Giza,photograph,"19th-c. photographer (e.g., Bonfils / Frith)",c. 1860-1900,Library of Congress,No known copyright restrictions (Library of Congress),Yes,https://www.loc.gov/search/?q=sphinx+pyramids+giza+photograph,search,"Photograph of the Sphinx and pyramids at Giza, Library of Congress Prints and Photographs Division.",Vintage photograph of the Great Sphinx before the pyramids of Giza.,NO,SSP.01; SSP.02,Alternate: pyramids and Sphinx at Giza.,OK
Ancient Egypt: c. 3000-700 BCE,6.19,"Examine the cultural diffusion of ancient Egypt with surrounding civilizations through trade and conflict, including its relationship with Nubia.",Yes,Nubian (Kushite) artifact from ancient Egypt / Nubia,artifact,Nubian / Kushite (unknown),c. 1000-300 BCE,The Met,CC0 1.0 (Met Open Access),Yes,https://www.metmuseum.org/search-results?q=nubia+kush+egypt,search,"Nubian (Kushite) object, Napatan/Meroitic. The Metropolitan Museum of Art, New York.",Ancient Nubian artifact reflecting cultural exchange between Egypt and Nubia.,NO,SSP.01; SSP.02; SSP.06,"Egypt-Nubia trade, conflict, and cultural diffusion.",OK
Ancient Egypt: c. 3000-700 BCE,6.19,"Examine the cultural diffusion of ancient Egypt with surrounding civilizations through trade and conflict, including its relationship with Nubia.",Yes,Statue of a Kushite pharaoh / Nubian ruler,sculpture,Nubian / Kushite (unknown),c. 713-664 BCE,The Met,CC0 1.0 (Met Open Access),Yes,https://www.metmuseum.org/search-results?q=kushite+pharaoh+sphinx+taharqa,search,"Kushite royal sculpture, Twenty-fifth Dynasty. The Metropolitan Museum of Art, New York.",Statue of a Nubian (Kushite) pharaoh in Egyptian royal style.,NO,SSP.01; SSP.02,Alternate: Nubian rulers who governed Egypt show deep cultural diffusion.,OK
Ancient Israel: c. 2000-500 BCE,6.20,"Identify and locate geographical features of ancient Israel, including: Dead Sea; Mediterranean Sea; Jerusalem; Red Sea; Jordan River; Sinai Peninsula",Yes,Historical map of ancient Israel / the Holy Land,map,Cartographer (varies),18th-19th c.,Library of Congress,No known copyright restrictions (Library of Congress),Yes,https://www.loc.gov/search/?q=map+ancient+israel+holy+land+palestine,search,"Map of ancient Israel / the Holy Land, Library of Congress Geography and Map Division.","Historical map showing Jerusalem, the Jordan River, Dead Sea, Red Sea, and Sinai Peninsula.",NO,SSP.01; SSP.02; SSP.06,"Geography-locate: Dead Sea, Jordan River, Jerusalem, Sinai, Red/Mediterranean Seas.",OK
Ancient Israel: c. 2000-500 BCE,6.20,"Identify and locate geographical features of ancient Israel, including: Dead Sea; Mediterranean Sea; Jerusalem; Red Sea; Jordan River; Sinai Peninsula",Yes,Antique map of the Holy Land / ancient Canaan,map,Cartographer (varies),17th-19th c.,NYPL,Public Domain (NYPL Digital Collections),Yes,https://digitalcollections.nypl.org/search/index?keywords=map+holy+land+canaan+israel,search,"Map of the Holy Land, The New York Public Library Digital Collections.",Old printed map of ancient Canaan/Israel with the twelve tribes and the Jordan valley.,NO,SSP.01; SSP.02; SSP.06,Alternate historical map.,OK
Ancient Israel: c. 2000-500 BCE,6.21,"Describe the development of the ancient Israelites, and explain the reasons for their movements from Mesopotamia to Canaan (later called Israel), from Canaan to Egypt, and from Egypt back to Canaan.",Yes,Historical map of the Exodus / Israelite migrations,map,Cartographer (varies),18th-19th c.,NYPL,Public Domain (NYPL Digital Collections),Yes,https://digitalcollections.nypl.org/search/index?keywords=map+exodus+canaan+wandering,search,"Map of the Exodus and Israelite journeys, The New York Public Library Digital Collections.","Historical map tracing routes from Mesopotamia to Canaan, Canaan to Egypt, and the Exodus back.",NO,SSP.01; SSP.02; SSP.06,Movements Mesopotamia-Canaan-Egypt-Canaan.,OK
Ancient Israel: c. 2000-500 BCE,6.21,"Describe the development of the ancient Israelites, and explain the reasons for their movements from Mesopotamia to Canaan (later called Israel), from Canaan to Egypt, and from Egypt back to Canaan.",Yes,Canaanite artifact from the Levant (Bronze Age),artifact,Canaanite (unknown),c. 1800-1200 BCE,The Met,CC0 1.0 (Met Open Access),Yes,https://www.metmuseum.org/search-results?q=canaanite+levant+bronze+age,search,"Canaanite artifact, Middle/Late Bronze Age Levant. The Metropolitan Museum of Art, New York.","Bronze Age object from Canaan, the land the Israelites settled.",NO,SSP.01; SSP.02,Alternate: material culture of Canaan where the Israelites developed.,OK
Ancient Israel: c. 2000-500 BCE,6.22,"Describe the origins and central features of Judaism: Key Person(s): Abraham, Moses; Sacred Texts: The Tanakh (i.e., Hebrew Bible); Basic Beliefs: monotheism, Ten Commandments, emphasis on individual worth and personal responsibility",Yes,Hebrew Bible (Tanakh) manuscript / Torah scroll,manuscript,Jewish scribe (unknown),medieval manuscript of ancient text,Library of Congress,No known copyright restrictions (Library of Congress),Yes,https://www.loc.gov/search/?q=hebrew+bible+torah+manuscript,search,"Hebrew Bible manuscript, Library of Congress Hebraic Section.","Handwritten Hebrew scriptural manuscript, the sacred text of Judaism.",NO,SSP.01; SSP.02; SSP.06,"Tanakh / Hebrew Bible, sacred text of Judaism (Abraham, Moses, monotheism, Ten Commandments).",OK
Ancient Israel: c. 2000-500 BCE,6.22,"Describe the origins and central features of Judaism: Key Person(s): Abraham, Moses; Sacred Texts: The Tanakh (i.e., Hebrew Bible); Basic Beliefs: monotheism, Ten Commandments, emphasis on individual worth and personal responsibility",Yes,Torah scroll or Decalogue (Ten Commandments) plaque,manuscript,Jewish artisan/scribe (unknown),varies,The Met,CC0 1.0 (Met Open Access),Yes,https://www.metmuseum.org/search-results?q=torah+judaica+ten+commandments,search,"Judaica (Torah ornament / Decalogue plaque). The Metropolitan Museum of Art, New York.",Jewish ceremonial object associated with the Torah and the Ten Commandments.,NO,SSP.01; SSP.02,Alternate: Judaica illustrating core beliefs. Verifier should confirm PD/CC0 status.,OK
Ancient Israel: c. 2000-500 BCE,6.23,"Identify the importance of Saul as the first king of Israel, David as the second king who founded Jerusalem as the capital, and Solomon as the third king who built the first temple.",Yes,Engraving of King Solomon's Temple in Jerusalem,print,Engraver (varies),17th-19th c.,NYPL,Public Domain (NYPL Digital Collections),Yes,https://digitalcollections.nypl.org/search/index?keywords=solomon+temple+jerusalem,search,"Engraving of Solomon's Temple, The New York Public Library Digital Collections.",Historical engraving depicting the First Temple built by King Solomon in Jerusalem.,NO,SSP.01; SSP.02; SSP.06,"Saul, David (founding Jerusalem), Solomon (first temple). Later depiction; verifier to note interpretive nature.",OK
Ancient Israel: c. 2000-500 BCE,6.23,"Identify the importance of Saul as the first king of Israel, David as the second king who founded Jerusalem as the capital, and Solomon as the third king who built the first temple.",Yes,Historic photograph of Jerusalem / the Temple Mount,photograph,19th-c. photographer (unknown),c. 1860-1900,Library of Congress,No known copyright restrictions (Library of Congress),Yes,https://www.loc.gov/search/?q=jerusalem+temple+mount+photograph+matson,search,"Photograph of Jerusalem and the Temple Mount, Library of Congress Prints and Photographs Division.","Vintage photograph of the walls and Temple Mount of Jerusalem, David's capital.",NO,SSP.01; SSP.02,Alternate: Jerusalem as capital founded by David.,OK
Ancient Israel: c. 2000-500 BCE,6.24,"Summarize the breakup of the Kingdom of Israel, Babylonian captivity, and the return of the Jews to their homeland under the Persian Empire.",Yes,Glazed brick relief from Babylon (Ishtar Gate / Processional Way),relief,Neo-Babylonian (unknown),c. 604-562 BCE,The Met,CC0 1.0 (Met Open Access),Yes,https://www.metmuseum.org/search-results?q=babylon+glazed+brick+ishtar+lion,search,"Glazed brick panel from Babylon, Neo-Babylonian. The Metropolitan Museum of Art, New York.",Blue-glazed brick relief of a striding lion from the processional way of Babylon.,NO,SSP.01; SSP.02; SSP.06,Babylonian captivity: Nebuchadnezzar's Babylon. Met owns glazed brick panels.,OK
Ancient Israel: c. 2000-500 BCE,6.24,"Summarize the breakup of the Kingdom of Israel, Babylonian captivity, and the return of the Jews to their homeland under the Persian Empire.",Yes,Achaemenid Persian relief / artifact (Persian Empire),relief,Achaemenid Persian (unknown),c. 550-330 BCE,The Met,CC0 1.0 (Met Open Access),Yes,https://www.metmuseum.org/search-results?q=achaemenid+persian+relief+persepolis,search,"Achaemenid Persian relief, The Metropolitan Museum of Art, New York.",Carved relief of a Persian guard or tribute bearer from the Achaemenid Empire.,NO,SSP.01; SSP.02,Alternate: Persia (Cyrus) allowed Jews to return; Achaemenid material fits.,OK
Ancient India: c. 2500-400 BCE,6.25,"Identify and locate geographical features of ancient India, including: Ganges River; Indus River; Himalayan Mountains; Monsoon winds; Indian Ocean; Subcontinent of India",Yes,Historical map of ancient India / the Indian subcontinent,map,Cartographer (varies),18th-19th c.,Library of Congress,No known copyright restrictions (Library of Congress),Yes,https://www.loc.gov/search/?q=map+ancient+india+indus+ganges,search,"Map of ancient India, Library of Congress Geography and Map Division.","Historical map showing the Indus and Ganges rivers, the Himalayas, and the Indian Ocean.",NO,SSP.01; SSP.02; SSP.06,"Geography-locate: Indus, Ganges, Himalayas, monsoons, Indian Ocean, subcontinent.",OK
Ancient India: c. 2500-400 BCE,6.25,"Identify and locate geographical features of ancient India, including: Ganges River; Indus River; Himalayan Mountains; Monsoon winds; Indian Ocean; Subcontinent of India",Yes,Antique map of India and the subcontinent,map,Cartographer (varies),18th-19th c.,NYPL,Public Domain (NYPL Digital Collections),Yes,https://digitalcollections.nypl.org/search/index?keywords=map+india+subcontinent,search,"Map of India, The New York Public Library Digital Collections.",Old printed map of the Indian subcontinent showing rivers and mountain ranges.,NO,SSP.01; SSP.02; SSP.06,Alternate historical map.,OK
Ancient India: c. 2500-400 BCE,6.26,"Explain the emergence of the Harappan civilization in the Indus River Valley as an early agricultural civilization, and describe its achievements, including: Architecture built with bricks; Arranging roads into a series of grid-systems; Sanitation and sewer systems",Yes,Indus Valley (Harappan) stamp seal,artifact,Harappan (unknown),c. 2600-1900 BCE,The Met,CC0 1.0 (Met Open Access),Yes,https://www.metmuseum.org/search-results?q=indus+valley+harappan+seal,search,"Indus Valley stamp seal, Harappan. The Metropolitan Museum of Art, New York.",Small square steatite seal carved with an animal and undeciphered Indus script.,NO,SSP.01; SSP.02; SSP.06,"Harappan civilization achievements; seals reflect trade, writing, urban planning.",OK
Ancient India: c. 2500-400 BCE,6.26,"Explain the emergence of the Harappan civilization in the Indus River Valley as an early agricultural civilization, and describe its achievements, including: Architecture built with bricks; Arranging roads into a series of grid-systems; Sanitation and sewer systems",Yes,Harappan pottery or terracotta figurine,artifact,Harappan (unknown),c. 2600-1900 BCE,Smithsonian,"Public Domain / CC0 (Smithsonian Open Access, verify item)",Yes,https://www.si.edu/search?edan_q=indus+valley+harappan+pottery,search,"Harappan pottery, Smithsonian National Museum of Asian Art.",Painted terracotta vessel or figurine from the Indus Valley civilization.,NO,SSP.01; SSP.02,Alternate: Harappan urban material culture. Smithsonian NMAA holds Indus material.,OK
Ancient India: c. 2500-400 BCE,6.27,"Describe the social structure of the caste system, and explain its effect on everyday life in ancient India.",,Indian painting depicting occupational / social groups,painting,Indian artist (unknown),18th-19th c.,The Met,CC0 1.0 (Met Open Access),Yes,https://www.metmuseum.org/search-results?q=india+occupations+trades+painting,search,"Indian painting of trades and occupations. The Metropolitan Museum of Art, New York.",Painting showing members of different Indian occupational and social groups.,NO,SSP.01; SSP.02,Caste/social structure is abstract; a later occupational painting is the closest visual. Note the interpretive/later date.,OK
Ancient India: c. 2500-400 BCE,6.27,"Describe the social structure of the caste system, and explain its effect on everyday life in ancient India.",,Company School painting of Indian castes and occupations,painting,Indian artist (unknown),c. 1800-1870,NYPL,Public Domain (NYPL Digital Collections),Yes,https://digitalcollections.nypl.org/search/index?keywords=india+castes+occupations,search,"Illustrations of Indian castes and occupations, The New York Public Library Digital Collections.",Series of watercolor images depicting people of different Indian castes at their trades.,NO,SSP.01; SSP.02,Alternate. Hard-to-source standard (abstract social system).,OK
Ancient India: c. 2500-400 BCE,6.28,"Describe the origins and central features of Hinduism: Key Person(s): origins in Aryan traditions; Sacred Texts: The Vedas; Basic Beliefs: dharma, karma, reincarnation, and moksha",Yes,Hindu deity sculpture (Vishnu / Shiva),sculpture,Indian artist (unknown),c. 500-1200 CE,The Met,CC0 1.0 (Met Open Access),Yes,https://www.metmuseum.org/search-results?q=hindu+deity+vishnu+shiva+sculpture,search,"Sculpture of a Hindu deity, India. The Metropolitan Museum of Art, New York.",Stone or bronze sculpture of a Hindu god such as Vishnu or Shiva.,NO,SSP.01; SSP.02; SSP.06,"Hinduism's deities, Vedic roots, and beliefs. Post-ancient sculpture but iconic of the tradition.",OK
Ancient India: c. 2500-400 BCE,6.28,"Describe the origins and central features of Hinduism: Key Person(s): origins in Aryan traditions; Sacred Texts: The Vedas; Basic Beliefs: dharma, karma, reincarnation, and moksha",Yes,Illustrated manuscript of the Vedas / Hindu sacred text,manuscript,Indian scribe (unknown),manuscript of ancient text,The Met,CC0 1.0 (Met Open Access),Yes,https://www.metmuseum.org/search-results?q=hindu+manuscript+vedic+india,search,"Hindu religious manuscript, India. The Metropolitan Museum of Art, New York.",Palm-leaf or paper manuscript page of a Hindu sacred text.,NO,SSP.01; SSP.02,Alternate: sacred texts (Vedas) of Hinduism.,OK
Ancient India: c. 2500-400 BCE,6.29,"Describe the origins and central features of Buddhism: Key Person(s): Siddhartha Gautama (Buddha); Sacred Texts: Tripitaka; Basic Beliefs: Four Noble Truths, Eightfold Path, Nirvana",Yes,Gandharan / Indian seated Buddha sculpture,sculpture,Gandharan / Indian artist (unknown),c. 100-500 CE,The Met,CC0 1.0 (Met Open Access),Yes,https://www.metmuseum.org/search-results?q=seated+buddha+gandhara+india,search,"Seated Buddha, Gandhara / India. The Metropolitan Museum of Art, New York.",Stone sculpture of the seated Buddha in meditation with a halo.,NO,SSP.01; SSP.02; SSP.06,"Buddhism: Siddhartha Gautama, teachings, and iconography.",OK
Ancient India: c. 2500-400 BCE,6.29,"Describe the origins and central features of Buddhism: Key Person(s): Siddhartha Gautama (Buddha); Sacred Texts: Tripitaka; Basic Beliefs: Four Noble Truths, Eightfold Path, Nirvana",Yes,Buddhist stupa relief / scenes from the Buddha's life,relief,Indian artist (unknown),c. 100 BCE-200 CE,Smithsonian,"Public Domain / CC0 (Smithsonian Open Access, verify item)",Yes,https://www.si.edu/search?edan_q=buddhist+relief+buddha+life+india,search,"Buddhist relief, Smithsonian National Museum of Asian Art.",Carved stone relief showing scenes from the life of the Buddha.,NO,SSP.01; SSP.02,Alternate: Buddhist narrative art. Smithsonian NMAA is ideal for South Asian Buddhist material.,OK
Ancient India: c. 2500-400 BCE,6.30,"Identify the long-lasting intellectual traditions that emerged during the late empire of ancient India, including: medical education, medical techniques, and mathematics (e.g., Hindu-Arabic numerals).",,Indian manuscript / instrument reflecting mathematics or medicine,manuscript,Indian scholar (unknown),medieval manuscript of ancient learning,The Met,CC0 1.0 (Met Open Access),Yes,https://www.metmuseum.org/search-results?q=india+astronomical+instrument+manuscript,search,"Indian scientific manuscript / astronomical instrument. The Metropolitan Museum of Art, New York.",Indian manuscript or instrument reflecting mathematical and scientific learning.,NO,SSP.01; SSP.02,"Abstract standard (medicine, mathematics, Hindu-Arabic numerals). Hard to source a single ancient object.",OK
Ancient India: c. 2500-400 BCE,6.30,"Identify the long-lasting intellectual traditions that emerged during the late empire of ancient India, including: medical education, medical techniques, and mathematics (e.g., Hindu-Arabic numerals).",,Early treatise on Hindu-Arabic numerals / Indian mathematics,book,Author (varies),pre-1900 printed edition,HathiTrust,Public Domain (HathiTrust),Yes,https://catalog.hathitrust.org/Search/Home?lookfor=hindu+arabic+numerals+history&type=all,search,"History of Hindu-Arabic numerals (public-domain edition), HathiTrust Digital Library.",Printed page tracing the development of the Hindu-Arabic numeral system from India.,NO,SSP.01; SSP.02,Alternate: documents Indian numeral/math tradition. Hard-to-source standard.,OK
Ancient China: c. 2500 BCE-200 CE,6.31,"Identify and locate geographical features of ancient China, including: Gobi Desert; Plateau of Tibet; Himalayan Mountains; Yangtze River; Pacific Ocean; Yellow River",Yes,Historical map of ancient China,map,Cartographer (varies),18th-19th c.,Library of Congress,No known copyright restrictions (Library of Congress),Yes,https://www.loc.gov/search/?q=map+ancient+china+yellow+river+yangtze,search,"Map of ancient China, Library of Congress Geography and Map Division.","Historical map showing the Yellow and Yangtze rivers, the Gobi Desert, Tibet, and the Himalayas.",NO,SSP.01; SSP.02; SSP.06,"Geography-locate: Gobi, Plateau of Tibet, Himalayas, Yangtze, Yellow River, Pacific.",OK
Ancient China: c. 2500 BCE-200 CE,6.31,"Identify and locate geographical features of ancient China, including: Gobi Desert; Plateau of Tibet; Himalayan Mountains; Yangtze River; Pacific Ocean; Yellow River",Yes,Antique map of China and East Asia,map,Cartographer (varies),17th-19th c.,NYPL,Public Domain (NYPL Digital Collections),Yes,https://digitalcollections.nypl.org/search/index?keywords=map+china+east+asia,search,"Map of China, The New York Public Library Digital Collections.",Old printed map of China showing its major rivers and northern deserts.,NO,SSP.01; SSP.02; SSP.06,Alternate historical map.,OK
Ancient China: c. 2500 BCE-200 CE,6.32,"Analyze the influence of geographic features on the origins of ancient Chinese civilization in the Yellow River Valley, and explain how China's geography helped create a unique yet diverse cultural identity that was isolated from the rest of the world.",Yes,Neolithic Chinese painted pottery jar (Yangshao / Yellow River),artifact,Neolithic Chinese (unknown),c. 3000-2000 BCE,The Met,CC0 1.0 (Met Open Access),Yes,https://www.metmuseum.org/search-results?q=neolithic+chinese+painted+pottery+jar,search,"Neolithic painted pottery jar, Yellow River valley. The Metropolitan Museum of Art, New York.",Round earthenware jar painted with swirling geometric designs from Neolithic China.,NO,SSP.01; SSP.02; SSP.06,Yellow River valley origins of Chinese civilization.,OK
Ancient China: c. 2500 BCE-200 CE,6.32,"Analyze the influence of geographic features on the origins of ancient Chinese civilization in the Yellow River Valley, and explain how China's geography helped create a unique yet diverse cultural identity that was isolated from the rest of the world.",Yes,Chinese jade artifact from an early Yellow River culture,artifact,Neolithic Chinese (unknown),c. 3000-1500 BCE,Smithsonian,"Public Domain / CC0 (Smithsonian Open Access, verify item)",Yes,https://www.si.edu/search?edan_q=neolithic+chinese+jade,search,"Neolithic jade, Smithsonian National Museum of Asian Art.",Carved jade disc or blade from an early Chinese culture.,NO,SSP.01; SSP.02,Alternate: early Chinese material culture. Smithsonian NMAA (Freer) is strong on Chinese jades.,OK
Ancient China: c. 2500 BCE-200 CE,6.33,Describe how the size of ancient China made governing difficult and how the concepts of the mandate of heaven and Legalism emerged as solutions to this problem.,Yes,Zhou dynasty bronze ritual vessel (Mandate of Heaven),artifact,Zhou Chinese (unknown),c. 1046-771 BCE,The Met,CC0 1.0 (Met Open Access),Yes,https://www.metmuseum.org/search-results?q=zhou+bronze+ritual+vessel+inscription,search,"Zhou dynasty inscribed bronze ritual vessel. The Metropolitan Museum of Art, New York.",Cast bronze ritual vessel with an interior cast inscription from Zhou China.,NO,SSP.01; SSP.02; SSP.06,Zhou inscribed bronzes express the Mandate of Heaven ideology used to legitimize rule.,OK
Ancient China: c. 2500 BCE-200 CE,6.33,Describe how the size of ancient China made governing difficult and how the concepts of the mandate of heaven and Legalism emerged as solutions to this problem.,Yes,Shang / Zhou inscribed bronze with cast text,artifact,Shang/Zhou Chinese (unknown),c. 1200-771 BCE,Smithsonian,"Public Domain / CC0 (Smithsonian Open Access, verify item)",Yes,https://www.si.edu/search?edan_q=chinese+bronze+inscription+zhou,search,"Inscribed Chinese bronze, Smithsonian National Museum of Asian Art.",Ancient Chinese bronze vessel bearing a cast inscription.,NO,SSP.01; SSP.02,Alternate: governance ideology and centralized authority in early China.,OK
Ancient China: c. 2500 BCE-200 CE,6.34,"Identify the political and cultural problems prevalent in the time of Confucius and how the philosophy of Confucianism and The Analects emphasized the concepts of kinship, order, and hierarchy to address these problems.",,Portrait / depiction of Confucius,painting,Chinese artist (unknown),later depiction of ancient figure,Smithsonian,"Public Domain / CC0 (Smithsonian Open Access, verify item)",Yes,https://www.si.edu/search?edan_q=confucius+portrait,search,"Portrait of Confucius, Smithsonian National Museum of Asian Art.",Painted image of the Chinese philosopher Confucius in robes.,NO,SSP.01; SSP.02,"Confucius and his teachings on order, kinship, and hierarchy.",OK
Ancient China: c. 2500 BCE-200 CE,6.34,"Identify the political and cultural problems prevalent in the time of Confucius and how the philosophy of Confucianism and The Analects emphasized the concepts of kinship, order, and hierarchy to address these problems.",,The Analects of Confucius (public-domain translation),book,Confucius; trans. James Legge,1861 (translation of ancient text),HathiTrust,Public Domain (HathiTrust),Yes,https://catalog.hathitrust.org/Search/Home?lookfor=analects+confucius+legge&type=all,search,"The Analects of Confucius, trans. James Legge (public-domain edition), HathiTrust Digital Library.",Printed page of the Analects of Confucius in a 19th-century English translation.,NO,SSP.01; SSP.02,Alternate: text of Confucianism (The Analects).,OK
Ancient China: c. 2500 BCE-200 CE,6.35,"Explain the significance of the unification of ancient China into the first Chinese empire by Qin Shi Huangdi, beginning the Qin Dynasty.",Yes,Qin dynasty terracotta warrior (First Emperor's army),sculpture,Qin Chinese (unknown),c. 210 BCE,Smithsonian,"Public Domain / CC0 (Smithsonian Open Access, verify item)",Yes,https://www.si.edu/search?edan_q=terracotta+warrior+qin,search,"Terracotta warrior, Qin dynasty, Smithsonian.",Life-size terracotta soldier from the tomb army of Qin Shi Huangdi.,NO,SSP.01; SSP.02; SSP.06,Unification under Qin Shi Huangdi and the first Chinese empire. Original warriors are in China; verifier should confirm an approved-museum image/loan object.,OK
Ancient China: c. 2500 BCE-200 CE,6.35,"Explain the significance of the unification of ancient China into the first Chinese empire by Qin Shi Huangdi, beginning the Qin Dynasty.",Yes,Qin / early imperial Chinese artifact (standardization),artifact,Qin Chinese (unknown),c. 221-206 BCE,The Met,CC0 1.0 (Met Open Access),Yes,https://www.metmuseum.org/search-results?q=qin+dynasty+china,search,"Qin dynasty artifact, China. The Metropolitan Museum of Art, New York.","Object from China's Qin dynasty, era of the first unified empire.",NO,SSP.01; SSP.02,Alternate: Qin-era material culture.,OK
Ancient China: c. 2500 BCE-200 CE,6.36,Explain how the implementation of the philosophy of Confucianism led to the political success and longevity of the Han Dynasty.,,Han dynasty ceramic or jade artifact,artifact,Han Chinese (unknown),c. 206 BCE-220 CE,The Met,CC0 1.0 (Met Open Access),Yes,https://www.metmuseum.org/search-results?q=han+dynasty+china+tomb+figure,search,"Han dynasty tomb object, China. The Metropolitan Museum of Art, New York.","Han dynasty ceramic tomb figure reflecting a stable, bureaucratic society.",NO,SSP.01; SSP.02,Han dynasty stability under Confucian government.,OK
Ancient China: c. 2500 BCE-200 CE,6.36,Explain how the implementation of the philosophy of Confucianism led to the political success and longevity of the Han Dynasty.,,Han dynasty bronze or lacquer object,artifact,Han Chinese (unknown),c. 206 BCE-220 CE,Smithsonian,"Public Domain / CC0 (Smithsonian Open Access, verify item)",Yes,https://www.si.edu/search?edan_q=han+dynasty+bronze+lacquer,search,"Han dynasty object, Smithsonian National Museum of Asian Art.",Finely crafted Han dynasty bronze or lacquer vessel.,NO,SSP.01; SSP.02,Alternate: Han material culture and administration.,OK
Ancient China: c. 2500 BCE-200 CE,6.37,"Explain the major accomplishments of the Han Dynasty, including: the magnetic compass, paper making, porcelain, silk, and woodblock printing.",Yes,Han dynasty silk textile,artifact,Han Chinese (unknown),c. 206 BCE-220 CE,The Met,CC0 1.0 (Met Open Access),Yes,https://www.metmuseum.org/search-results?q=han+dynasty+silk+textile,search,"Han dynasty silk textile, China. The Metropolitan Museum of Art, New York.",Fragment of woven Han dynasty silk with patterned designs.,NO,SSP.01; SSP.02; SSP.06,"Han accomplishments: silk (also paper, porcelain, compass, woodblock printing).",OK
Ancient China: c. 2500 BCE-200 CE,6.37,"Explain the major accomplishments of the Han Dynasty, including: the magnetic compass, paper making, porcelain, silk, and woodblock printing.",Yes,Early Chinese porcelain / glazed ceramic (Han),artifact,Han Chinese (unknown),c. 206 BCE-220 CE,Cleveland Museum of Art,CC0 (Cleveland Museum of Art Open Access),Yes,https://www.clevelandart.org/art/collection/search?search=han+dynasty+ceramic,search,"Han dynasty glazed ceramic, The Cleveland Museum of Art.","Green-glazed Han dynasty ceramic vessel, forerunner of porcelain.",NO,SSP.01; SSP.02,Alternate: ceramic/porcelain achievement. Cleveland has strong CC0 Chinese ceramics.,OK
Ancient China: c. 2500 BCE-200 CE,6.38,"Describe how the desire for Chinese goods influenced the creation of The Silk Road and initiated cultural diffusion throughout Eurasia, including the introduction of Buddhism into ancient China.",Yes,Silk Road textile or trade object,artifact,Chinese / Central Asian (unknown),c. 200 BCE-400 CE,The Met,CC0 1.0 (Met Open Access),Yes,https://www.metmuseum.org/search-results?q=silk+road+textile+china+central+asia,search,"Silk Road textile / trade object. The Metropolitan Museum of Art, New York.",Woven silk textile traded along the Silk Road connecting China and the West.,NO,SSP.01; SSP.02; SSP.06,Silk Road cultural diffusion across Eurasia.,OK
Ancient China: c. 2500 BCE-200 CE,6.38,"Describe how the desire for Chinese goods influenced the creation of The Silk Road and initiated cultural diffusion throughout Eurasia, including the introduction of Buddhism into ancient China.",Yes,Early Chinese Buddhist sculpture (Buddhism enters China),sculpture,Chinese artist (unknown),c. 386-580 CE,The Met,CC0 1.0 (Met Open Access),Yes,https://www.metmuseum.org/search-results?q=chinese+buddhist+sculpture+northern+wei,search,"Chinese Buddhist sculpture, Northern Wei / early period. The Metropolitan Museum of Art, New York.",Gilt-bronze or stone Chinese Buddha showing Buddhism's arrival via the Silk Road.,NO,SSP.01; SSP.02,Alternate: introduction of Buddhism into China through Silk Road contact.,OK
Ancient Greece: c. 800-300 BCE,6.39,"Identify and locate geographical features of ancient Greece, including: Asia Minor; Mediterranean Sea; Athens; Peloponnesian peninsula; Macedonia; Sparta",Yes,Historical map of ancient Greece,map,Cartographer (varies),18th-19th c.,Library of Congress,No known copyright restrictions (Library of Congress),Yes,https://www.loc.gov/search/?q=map+ancient+greece+athens+sparta,search,"Map of ancient Greece, Library of Congress Geography and Map Division.","Historical map showing Athens, Sparta, Macedonia, the Peloponnese, and Asia Minor.",NO,SSP.01; SSP.02; SSP.06,"Geography-locate: Asia Minor, Mediterranean, Athens, Peloponnese, Macedonia, Sparta.",OK
Ancient Greece: c. 800-300 BCE,6.39,"Identify and locate geographical features of ancient Greece, including: Asia Minor; Mediterranean Sea; Athens; Peloponnesian peninsula; Macedonia; Sparta",Yes,Antique map of ancient Greece and the Aegean,map,Cartographer (varies),18th-19th c.,NYPL,Public Domain (NYPL Digital Collections),Yes,https://digitalcollections.nypl.org/search/index?keywords=map+ancient+greece,search,"Map of ancient Greece, The New York Public Library Digital Collections.",Old printed map of Greece and the Aegean showing its city-states and peninsulas.,NO,SSP.01; SSP.02; SSP.06,Alternate historical map.,OK
Ancient Greece: c. 800-300 BCE,6.40,"Analyze how the geographical features of ancient Greece, including its mountainous terrain and access to the Mediterranean Sea, contributed to its organization into city-states, role in maritime trade, and colonies in the Mediterranean.",Yes,Greek vase depicting a ship / maritime scene,artifact,Greek (unknown),c. 550-500 BCE,The Met,CC0 1.0 (Met Open Access),Yes,https://www.metmuseum.org/search-results?q=greek+vase+ship+black+figure,search,"Greek black-figure vase with ship, Archaic. The Metropolitan Museum of Art, New York.","Black-figure Greek vase painted with a sailing ship, reflecting maritime trade.",NO,SSP.01; SSP.02; SSP.06,"Mountainous terrain and sea access shaping city-states, trade, and colonization.",OK
Ancient Greece: c. 800-300 BCE,6.40,"Analyze how the geographical features of ancient Greece, including its mountainous terrain and access to the Mediterranean Sea, contributed to its organization into city-states, role in maritime trade, and colonies in the Mediterranean.",Yes,Greek trade amphora (maritime commerce),artifact,Greek (unknown),c. 500-400 BCE,Getty,Open Content / Public Domain (Getty),Yes,https://www.getty.edu/art/collection/search?q=greek+transport+amphora,search,"Greek transport amphora, The J. Paul Getty Museum, Los Angeles.",Large two-handled Greek amphora used to ship wine and oil across the Mediterranean.,NO,SSP.01; SSP.02,Alternate: Getty Villa is a premier approved source for Greek antiquities.,OK
Ancient Greece: c. 800-300 BCE,6.41,"Examine the concept of the polis in Greek city-states, including the ideas of: citizenship, civic participation, and the rule of law.",,Athenian red-figure vase depicting civic / public life,artifact,Greek (unknown),c. 480-430 BCE,The Met,CC0 1.0 (Met Open Access),Yes,https://www.metmuseum.org/search-results?q=athenian+red+figure+vase+citizens,search,"Athenian red-figure vase, Classical. The Metropolitan Museum of Art, New York.",Red-figure Greek vase showing citizens engaged in public activity.,NO,SSP.01; SSP.02,"Polis, citizenship, and civic participation in Greek city-states.",OK
Ancient Greece: c. 800-300 BCE,6.41,"Examine the concept of the polis in Greek city-states, including the ideas of: citizenship, civic participation, and the rule of law.",,Greek inscribed decree / civic inscription,inscription,Greek (unknown),c. 450-350 BCE,The Met,CC0 1.0 (Met Open Access),Yes,https://www.metmuseum.org/search-results?q=greek+inscription+decree+marble,search,"Greek inscribed marble fragment. The Metropolitan Museum of Art, New York.","Marble fragment carved with a Greek public decree, reflecting rule of law.",NO,SSP.01; SSP.02,Alternate: written law and civic decrees of the polis.,OK
Ancient Greece: c. 800-300 BCE,6.42,Explain the basic concepts of direct democracy and oligarchy.,,Athenian silver coinage / civic object (democracy),coin,Athenian mint (unknown),c. 450-400 BCE,The Met,CC0 1.0 (Met Open Access),Yes,https://www.metmuseum.org/search-results?q=athens+silver+coin+owl+tetradrachm,search,"Athenian silver tetradrachm, Classical. The Metropolitan Museum of Art, New York.","Silver Athenian coin bearing the owl of Athena, emblem of the democratic city.",NO,SSP.01; SSP.02,Direct democracy (Athens) vs. oligarchy. Abstract concept; coinage of democratic Athens is the closest artifact.,OK
Ancient Greece: c. 800-300 BCE,6.42,Explain the basic concepts of direct democracy and oligarchy.,,Athenian pottery scene of the assembly / voting-era public life,artifact,Greek (unknown),c. 480-430 BCE,Getty,Open Content / Public Domain (Getty),Yes,https://www.getty.edu/art/collection/search?q=athenian+vase+public+assembly,search,"Athenian vase, The J. Paul Getty Museum, Los Angeles.",Greek vase depicting Athenian citizens in public civic life.,NO,SSP.01; SSP.02,Alternate. Hard-to-source (abstract governance concept).,OK
Ancient Greece: c. 800-300 BCE,6.43,"Explain the characteristics of the major Greek city-states of Athens and Sparta, including: Advantages of each geographic location; Status of women; Approaches to education; Styles of government; Practice of slavery",Yes,Athenian owl tetradrachm (Athens),coin,Athenian mint (unknown),c. 450-400 BCE,The Met,CC0 1.0 (Met Open Access),Yes,https://www.metmuseum.org/search-results?q=athens+owl+tetradrachm+coin,search,"Athenian silver tetradrachm with owl, Classical. The Metropolitan Museum of Art, New York.",Silver coin of Athens showing Athena on one side and her owl on the other.,NO,SSP.01; SSP.02; SSP.06,"Contrasts Athens (trade, coinage, culture) with Sparta. Pair with a Spartan/Laconian object.",OK
Ancient Greece: c. 800-300 BCE,6.43,"Explain the characteristics of the major Greek city-states of Athens and Sparta, including: Advantages of each geographic location; Status of women; Approaches to education; Styles of government; Practice of slavery",Yes,Laconian (Spartan) bronze figurine / vessel,artifact,Spartan / Laconian (unknown),c. 550-500 BCE,The Met,CC0 1.0 (Met Open Access),Yes,https://www.metmuseum.org/search-results?q=laconian+spartan+bronze+figure,search,"Laconian bronze figurine, Archaic. The Metropolitan Museum of Art, New York.","Small Spartan (Laconian) bronze figure, such as a warrior or runner.",NO,SSP.01; SSP.02,Alternate: Spartan material culture for the Athens/Sparta comparison.,OK
Ancient Greece: c. 800-300 BCE,6.44,"Analyze the causes and consequences of the Persian Wars, including the role of Athens and its cooperation with Sparta to defend the Greek city-states.",Yes,Greek vase depicting a Greek and a Persian warrior,artifact,Greek (unknown),c. 480-450 BCE,The Met,CC0 1.0 (Met Open Access),Yes,https://www.metmuseum.org/search-results?q=greek+vase+greek+persian+warrior,search,"Greek red-figure vase with combat scene, Classical. The Metropolitan Museum of Art, New York.",Greek vase painted with a hoplite fighting a Persian soldier.,NO,SSP.01; SSP.02; SSP.06,"Persian Wars: Greek city-states, including Athens and Sparta, versus Persia.",OK
Ancient Greece: c. 800-300 BCE,6.44,"Analyze the causes and consequences of the Persian Wars, including the role of Athens and its cooperation with Sparta to defend the Greek city-states.",Yes,Greek hoplite armor / helmet,artifact,Greek (unknown),c. 500-450 BCE,The Met,CC0 1.0 (Met Open Access),Yes,https://www.metmuseum.org/search-results?q=greek+bronze+helmet+hoplite,search,"Greek bronze helmet, Archaic/Classical. The Metropolitan Museum of Art, New York.",Bronze Corinthian-style Greek helmet worn by hoplite soldiers.,NO,SSP.01; SSP.02,Alternate: the hoplite warfare that defended Greece in the Persian Wars.,OK
Ancient Greece: c. 800-300 BCE,6.45,"Analyze the causes and consequences of the Peloponnesian Wars, including how the growing political conflict between Athens and Sparta led to war and left the city-states open to conquest by the Macedonians.",Yes,Greek vase / relief with hoplite battle scene,artifact,Greek (unknown),c. 430-400 BCE,The Met,CC0 1.0 (Met Open Access),Yes,https://www.metmuseum.org/search-results?q=greek+vase+warriors+battle+hoplite,search,"Greek vase with warriors, Classical. The Metropolitan Museum of Art, New York.",Greek vase depicting armored hoplites in combat.,NO,SSP.01; SSP.02; SSP.06,Peloponnesian Wars between Athens and Sparta.,OK
Ancient Greece: c. 800-300 BCE,6.45,"Analyze the causes and consequences of the Peloponnesian Wars, including how the growing political conflict between Athens and Sparta led to war and left the city-states open to conquest by the Macedonians.",Yes,"Thucydides, History of the Peloponnesian War (public-domain edition)",book,Thucydides; trans. (varies),pre-1900 printed translation,HathiTrust,Public Domain (HathiTrust),Yes,https://catalog.hathitrust.org/Search/Home?lookfor=thucydides+peloponnesian+war&type=all,search,"Thucydides, History of the Peloponnesian War (public-domain translation), HathiTrust Digital Library.",Title page of a public-domain translation of Thucydides' history of the Peloponnesian War.,NO,SSP.01; SSP.02,Alternate: primary written account of the war's causes and consequences.,OK
Ancient Greece: c. 800-300 BCE,6.46,"Explain the polytheistic religion of ancient Greece, with respect to beliefs about the humanlike qualities of the deities, their importance in everyday life, and the emergence of the Olympic Games to honor Zeus.",,Panathenaic prize amphora (Olympic-style athletics / Zeus and Athena),artifact,Greek (unknown),c. 530-500 BCE,The Met,CC0 1.0 (Met Open Access),Yes,https://www.metmuseum.org/search-results?q=panathenaic+prize+amphora,search,"Panathenaic prize amphora, Archaic. The Metropolitan Museum of Art, New York.","Large black-figure amphora awarded for athletic games, showing athletes and a deity.",NO,SSP.01; SSP.02,"Greek polytheism, athletic games honoring the gods (Olympic Games / Zeus).",OK
Ancient Greece: c. 800-300 BCE,6.46,"Explain the polytheistic religion of ancient Greece, with respect to beliefs about the humanlike qualities of the deities, their importance in everyday life, and the emergence of the Olympic Games to honor Zeus.",,Greek statue of Zeus or an Olympian deity,sculpture,Greek (unknown),c. 450-100 BCE,Getty,Open Content / Public Domain (Getty),Yes,https://www.getty.edu/art/collection/search?q=greek+statue+zeus+god,search,"Greek statue of a deity, The J. Paul Getty Museum, Los Angeles.",Greek marble or bronze statue of an Olympian god such as Zeus.,NO,SSP.01; SSP.02,Alternate: humanlike Greek deities. Getty Villa antiquities.,OK
Ancient Greece: c. 800-300 BCE,6.47,"Explain the historical significance of ancient Greek literature, including how the Iliad and the Odyssey provide insight into the life of the ancient Greeks.",,Greek vase depicting a scene from the Iliad or Odyssey,artifact,Greek (unknown),c. 550-480 BCE,The Met,CC0 1.0 (Met Open Access),Yes,https://www.metmuseum.org/search-results?q=greek+vase+odysseus+achilles+trojan,search,"Greek vase with a Homeric scene, Archaic. The Metropolitan Museum of Art, New York.","Greek vase painted with a scene from Homer, such as Odysseus or Achilles.",NO,SSP.01; SSP.02,Iliad and Odyssey depicted in Greek art.,OK
Ancient Greece: c. 800-300 BCE,6.47,"Explain the historical significance of ancient Greek literature, including how the Iliad and the Odyssey provide insight into the life of the ancient Greeks.",,"Homer, The Iliad / The Odyssey (public-domain edition)",book,"Homer; trans. (e.g., Pope / Butler)",pre-1900 printed translation,HathiTrust,Public Domain (HathiTrust),Yes,https://catalog.hathitrust.org/Search/Home?lookfor=homer+iliad+odyssey&type=all,search,"Homer, The Iliad / The Odyssey (public-domain translation), HathiTrust Digital Library.",Title page of a public-domain English edition of Homer's epics.,NO,SSP.01; SSP.02,Alternate: the literary text itself.,OK
Ancient Greece: c. 800-300 BCE,6.48,"Examine the influence of ancient Greek philosophers (e.g., Aristotle, Plato, and Socrates) and their impact on education and society in Greece.",,Greek / Roman portrait bust of a philosopher (Socrates),sculpture,Greek / Roman (unknown),Hellenistic-Roman copy,The Met,CC0 1.0 (Met Open Access),Yes,https://www.metmuseum.org/search-results?q=portrait+bust+socrates+philosopher,search,"Portrait bust of Socrates, Roman copy of a Greek original. The Metropolitan Museum of Art, New York.",Marble bust of the philosopher Socrates with a broad face and full beard.,NO,SSP.01; SSP.02,"Greek philosophers (Socrates, Plato, Aristotle).",OK
Ancient Greece: c. 800-300 BCE,6.48,"Examine the influence of ancient Greek philosophers (e.g., Aristotle, Plato, and Socrates) and their impact on education and society in Greece.",,"Plato, The Republic (public-domain edition)",book,Plato; trans. Benjamin Jowett,1871 (translation of ancient text),HathiTrust,Public Domain (HathiTrust),Yes,https://catalog.hathitrust.org/Search/Home?lookfor=plato+republic+jowett&type=all,search,"Plato, The Republic, trans. Benjamin Jowett (public-domain edition), HathiTrust Digital Library.",Title page of a public-domain translation of Plato's Republic.,NO,SSP.01; SSP.02,Alternate: primary text of Greek philosophy.,OK
Ancient Greece: c. 800-300 BCE,6.49,"Describe the purposes of major Greek architecture, including the Parthenon and the Acropolis.",Yes,Historic photograph of the Parthenon on the Acropolis,photograph,19th-c. photographer (unknown),c. 1860-1900,Library of Congress,No known copyright restrictions (Library of Congress),Yes,https://www.loc.gov/search/?q=parthenon+acropolis+athens+photograph,search,"Photograph of the Parthenon, Athens, Library of Congress Prints and Photographs Division.",Vintage photograph of the columned Parthenon temple atop the Athenian Acropolis.,NO,SSP.01; SSP.02; SSP.06,Parthenon and Acropolis architecture.,OK
Ancient Greece: c. 800-300 BCE,6.49,"Describe the purposes of major Greek architecture, including the Parthenon and the Acropolis.",Yes,Greek marble architectural fragment (temple column / capital),artifact,Greek (unknown),c. 500-330 BCE,The Met,CC0 1.0 (Met Open Access),Yes,https://www.metmuseum.org/search-results?q=greek+marble+architectural+fragment+column+capital,search,"Greek marble architectural fragment. The Metropolitan Museum of Art, New York.",Carved marble column capital or entablature fragment from a Greek temple.,NO,SSP.01; SSP.02,Alternate: actual Greek temple architecture in a museum collection.,OK
Ancient Greece: c. 800-300 BCE,6.50,"Explain the unification of the Greek city-states by Macedonia, and analyze the impact of Alexander the Great and the diffusion of Hellenistic culture.",Yes,Coin / portrait of Alexander the Great,coin,Hellenistic mint (unknown),c. 336-300 BCE,The Met,CC0 1.0 (Met Open Access),Yes,https://www.metmuseum.org/search-results?q=alexander+the+great+coin+tetradrachm,search,"Coin depicting Alexander the Great, Hellenistic. The Metropolitan Museum of Art, New York.",Silver coin showing the head of Alexander the Great in the guise of Herakles.,NO,SSP.01; SSP.02; SSP.06,Alexander the Great and Hellenistic diffusion.,OK
Ancient Greece: c. 800-300 BCE,6.50,"Explain the unification of the Greek city-states by Macedonia, and analyze the impact of Alexander the Great and the diffusion of Hellenistic culture.",Yes,Hellenistic sculpture reflecting Greek cultural diffusion,sculpture,Hellenistic Greek (unknown),c. 323-100 BCE,Getty,Open Content / Public Domain (Getty),Yes,https://www.getty.edu/art/collection/search?q=hellenistic+sculpture,search,"Hellenistic sculpture, The J. Paul Getty Museum, Los Angeles.",Hellenistic Greek statue showing the spread of Greek art after Alexander.,NO,SSP.01; SSP.02,Alternate: Hellenistic art spread by Alexander's conquests.,OK
Ancient Rome: c. 500 BCE-500 CE,6.51,"Identify and locate the geographical features of ancient Rome, including: Constantinople; Mediterranean Sea; Italian Alps; Rome; Italian Peninsula; Tiber River",Yes,Historical map of ancient Rome / Italy,map,Cartographer (varies),18th-19th c.,Library of Congress,No known copyright restrictions (Library of Congress),Yes,https://www.loc.gov/search/?q=map+ancient+rome+italy+tiber,search,"Map of ancient Italy / Rome, Library of Congress Geography and Map Division.","Historical map showing Rome, the Tiber River, the Italian peninsula, the Alps, and Constantinople.",NO,SSP.01; SSP.02; SSP.06,"Geography-locate: Constantinople, Mediterranean, Italian Alps, Rome, Italian peninsula, Tiber.",OK
Ancient Rome: c. 500 BCE-500 CE,6.51,"Identify and locate the geographical features of ancient Rome, including: Constantinople; Mediterranean Sea; Italian Alps; Rome; Italian Peninsula; Tiber River",Yes,Antique map of ancient Italy and the Roman world,map,Cartographer (varies),18th-19th c.,NYPL,Public Domain (NYPL Digital Collections),Yes,https://digitalcollections.nypl.org/search/index?keywords=map+ancient+rome+italy,search,"Map of ancient Italy, The New York Public Library Digital Collections.",Old printed map of Italy and the Roman Mediterranean.,NO,SSP.01; SSP.02; SSP.06,Alternate historical map.,OK
Ancient Rome: c. 500 BCE-500 CE,6.52,Analyze how the geographical location of ancient Rome contributed to its political and economic growth in the Mediterranean region and beyond.,Yes,Historical map of the Roman Empire / Mediterranean trade,map,Cartographer (varies),19th c.,Library of Congress,No known copyright restrictions (Library of Congress),Yes,https://www.loc.gov/search/?q=map+roman+empire+mediterranean,search,"Map of the Roman Empire, Library of Congress Geography and Map Division.",Historical map showing Rome's central position controlling the Mediterranean Sea.,NO,SSP.01; SSP.02; SSP.06,Rome's geographic location and Mediterranean political/economic growth.,OK
Ancient Rome: c. 500 BCE-500 CE,6.52,Analyze how the geographical location of ancient Rome contributed to its political and economic growth in the Mediterranean region and beyond.,Yes,Roman coin or trade artifact reflecting Mediterranean commerce,coin,Roman mint (unknown),c. 100 BCE-200 CE,The Met,CC0 1.0 (Met Open Access),Yes,https://www.metmuseum.org/search-results?q=roman+coin+trade,search,"Roman coin, The Metropolitan Museum of Art, New York.",Roman coin used in Mediterranean-wide commerce.,NO,SSP.01; SSP.02,Alternate: coinage as evidence of Rome's economic reach.,OK
Ancient Rome: c. 500 BCE-500 CE,6.53,"Describe the government of the Roman Republic, including: Branches of government; Checks and balances; Civic participation; Representative democracy; The rule of law and the Twelve Tables",,Roman Republican coin depicting a voting scene,coin,Roman Republican mint (unknown),c. 137-63 BCE,The Met,CC0 1.0 (Met Open Access),Yes,https://www.metmuseum.org/search-results?q=roman+republican+coin+voting+denarius,search,"Roman Republican denarius, The Metropolitan Museum of Art, New York.",Silver Republican denarius showing a Roman citizen casting a ballot.,NO,SSP.01; SSP.02,"Roman Republic: civic participation, representative government, rule of law.",OK
Ancient Rome: c. 500 BCE-500 CE,6.53,"Describe the government of the Roman Republic, including: Branches of government; Checks and balances; Civic participation; Representative democracy; The rule of law and the Twelve Tables",,The Twelve Tables / Roman law (public-domain edition),book,Roman jurists; ed./trans. (varies),pre-1900 printed edition,HathiTrust,Public Domain (HathiTrust),Yes,https://catalog.hathitrust.org/Search/Home?lookfor=twelve+tables+roman+law&type=all,search,"The Twelve Tables of Roman law (public-domain edition), HathiTrust Digital Library.","Printed text of the Roman Twelve Tables, Rome's earliest written law code.",NO,SSP.01; SSP.02,Alternate: the Twelve Tables and rule of law.,OK
Ancient Rome: c. 500 BCE-500 CE,6.54,"Describe the class system of ancient Rome, including the role of patricians, plebeians, and slaves in Roman society.",,Roman funerary relief / portrait showing social classes,relief,Roman (unknown),c. 50 BCE-50 CE,The Met,CC0 1.0 (Met Open Access),Yes,https://www.metmuseum.org/search-results?q=roman+funerary+relief+portrait+family,search,"Roman funerary relief, The Metropolitan Museum of Art, New York.",Carved Roman relief portraying members of a household of different social rank.,NO,SSP.01; SSP.02,"Roman class system: patricians, plebeians, and enslaved people. Freedman funerary reliefs are especially apt.",OK
Ancient Rome: c. 500 BCE-500 CE,6.54,"Describe the class system of ancient Rome, including the role of patricians, plebeians, and slaves in Roman society.",,Roman relief / object depicting laborers or enslaved workers,relief,Roman (unknown),c. 1-300 CE,Getty,Open Content / Public Domain (Getty),Yes,https://www.getty.edu/art/collection/search?q=roman+relief+workers+servants,search,"Roman relief, The J. Paul Getty Museum, Los Angeles.",Roman relief showing laborers or servants at work.,NO,SSP.01; SSP.02,Alternate: labor and servitude in Roman society.,OK
Ancient Rome: c. 500 BCE-500 CE,6.55,"Describe the characteristics of Julius Caesar's rule, including: Leadership in the military; Popularity amongst plebeians; Role as dictator for life; Assassination",Yes,Roman coin / portrait of Julius Caesar,coin,Roman mint (unknown),c. 44 BCE,The Met,CC0 1.0 (Met Open Access),Yes,https://www.metmuseum.org/search-results?q=julius+caesar+coin+denarius+portrait,search,"Coin portrait of Julius Caesar, The Metropolitan Museum of Art, New York.","Silver denarius bearing the portrait of Julius Caesar, dictator of Rome.",NO,SSP.01; SSP.02; SSP.06,Julius Caesar: his portrait coinage broke Republican tradition and signaled his power. Caesar coins fetch confident museum holdings.,OK
Ancient Rome: c. 500 BCE-500 CE,6.55,"Describe the characteristics of Julius Caesar's rule, including: Leadership in the military; Popularity amongst plebeians; Role as dictator for life; Assassination",Yes,Roman marble portrait bust of Julius Caesar,sculpture,Roman (unknown),1st c. BCE-1st c. CE,Getty,Open Content / Public Domain (Getty),Yes,https://www.getty.edu/art/collection/search?q=julius+caesar+portrait+bust,search,"Portrait of Julius Caesar, The J. Paul Getty Museum, Los Angeles.",Marble portrait bust of Julius Caesar.,NO,SSP.01; SSP.02,Alternate: sculpted portrait of Caesar.,OK
Ancient Rome: c. 500 BCE-500 CE,6.56,"Analyze the influence of Augustus Caesar, including the establishment of the Roman Empire and its political, geographic, and economic expansion during the Pax Romana.",Yes,Marble portrait of Augustus Caesar,sculpture,Roman (unknown),c. 27 BCE-14 CE,The Met,CC0 1.0 (Met Open Access),Yes,https://www.metmuseum.org/search-results?q=augustus+portrait+marble,search,"Marble portrait of the emperor Augustus, Roman. The Metropolitan Museum of Art, New York.","Idealized marble portrait head of Augustus, first Roman emperor.",NO,SSP.01; SSP.02; SSP.06,"Augustus, the Roman Empire, and the Pax Romana.",OK
Ancient Rome: c. 500 BCE-500 CE,6.56,"Analyze the influence of Augustus Caesar, including the establishment of the Roman Empire and its political, geographic, and economic expansion during the Pax Romana.",Yes,Coin of Augustus proclaiming peace / empire,coin,Roman imperial mint (unknown),c. 27 BCE-14 CE,The Met,CC0 1.0 (Met Open Access),Yes,https://www.metmuseum.org/search-results?q=augustus+coin+aureus+denarius,search,"Coin of Augustus, Roman imperial. The Metropolitan Museum of Art, New York.",Roman coin bearing the portrait of Augustus and imperial imagery.,NO,SSP.01; SSP.02,Alternate: imperial coinage promoting Augustus and the Pax Romana.,OK
Ancient Rome: c. 500 BCE-500 CE,6.57,"Analyze how innovations in engineering and architecture contributed to Roman expansion, including the role of: Aqueducts; Arches; Bridges; The Colosseum; Domes; Roads; Sanitation",Yes,Historic photograph of the Roman Colosseum,photograph,19th-c. photographer (unknown),c. 1860-1900,Library of Congress,No known copyright restrictions (Library of Congress),Yes,https://www.loc.gov/search/?q=colosseum+rome+photograph,search,"Photograph of the Colosseum, Rome, Library of Congress Prints and Photographs Division.",Vintage photograph of the arched stone exterior of the Roman Colosseum.,NO,SSP.01; SSP.02; SSP.06,"Roman engineering: Colosseum, arches, aqueducts, roads.",OK
Ancient Rome: c. 500 BCE-500 CE,6.57,"Analyze how innovations in engineering and architecture contributed to Roman expansion, including the role of: Aqueducts; Arches; Bridges; The Colosseum; Domes; Roads; Sanitation",Yes,Historic photograph of a Roman aqueduct (Pont du Gard),photograph,19th-c. photographer (unknown),c. 1860-1900,Library of Congress,No known copyright restrictions (Library of Congress),Yes,https://www.loc.gov/search/?q=roman+aqueduct+pont+du+gard+photograph,search,"Photograph of a Roman aqueduct, Library of Congress Prints and Photographs Division.",Vintage photograph of a multi-tiered arched Roman aqueduct spanning a valley.,NO,SSP.01; SSP.02,Alternate: aqueducts and arches as Roman engineering.,OK
Ancient Rome: c. 500 BCE-500 CE,6.58,"Explain the polytheistic religion of ancient Rome, with respect to beliefs about the humanlike qualities of the deities and their importance in everyday life.",,Roman statue of a deity (Jupiter / Venus / Roman god),sculpture,Roman (unknown),c. 1-200 CE,The Met,CC0 1.0 (Met Open Access),Yes,https://www.metmuseum.org/search-results?q=roman+statue+god+jupiter+venus,search,"Roman statue of a deity, Imperial. The Metropolitan Museum of Art, New York.",Roman marble statue of a god or goddess in human form.,NO,SSP.01; SSP.02,Roman polytheism and humanlike deities.,OK
Ancient Rome: c. 500 BCE-500 CE,6.58,"Explain the polytheistic religion of ancient Rome, with respect to beliefs about the humanlike qualities of the deities and their importance in everyday life.",,Roman household shrine (lararium) figurine of a god,sculpture,Roman (unknown),c. 1-200 CE,Getty,Open Content / Public Domain (Getty),Yes,https://www.getty.edu/art/collection/search?q=roman+bronze+god+lar+statuette,search,"Roman bronze statuette of a household god, The J. Paul Getty Museum, Los Angeles.",Small Roman bronze figure of a household deity used in daily worship.,NO,SSP.01; SSP.02,Alternate: gods in everyday Roman life (household worship).,OK
Ancient Rome: c. 500 BCE-500 CE,6.59,"Describe the origins and central features of Christianity: Key Person(s) Jesus, Paul; Sacred Texts: The Bible; Basic Beliefs: monotheism, sin and forgiveness, eternal life, Jesus as the Messiah",Yes,Early Christian sarcophagus / relief with Christian imagery,relief,Roman Christian (unknown),c. 300-400 CE,The Met,CC0 1.0 (Met Open Access),Yes,https://www.metmuseum.org/search-results?q=early+christian+sarcophagus+relief,search,"Early Christian sarcophagus / relief, Late Roman. The Metropolitan Museum of Art, New York.",Carved early Christian relief with biblical scenes such as the Good Shepherd.,NO,SSP.01; SSP.02; SSP.06,"Origins of Christianity in the Roman world (Jesus, Paul, the Bible).",OK
Ancient Rome: c. 500 BCE-500 CE,6.59,"Describe the origins and central features of Christianity: Key Person(s) Jesus, Paul; Sacred Texts: The Bible; Basic Beliefs: monotheism, sin and forgiveness, eternal life, Jesus as the Messiah",Yes,Early printed / illuminated Bible page (Gutenberg Bible),manuscript,Johannes Gutenberg (attrib.) / scribe,c. 1455 (text of ancient Scripture),Library of Congress,No known copyright restrictions (Library of Congress),Yes,https://www.loc.gov/search/?q=gutenberg+bible,search,"Gutenberg Bible, Library of Congress Rare Book and Special Collections Division.",Page of the Gutenberg Bible with columns of Latin text and decorated initials.,NO,SSP.01; SSP.02,"Alternate: the Bible, sacred text of Christianity. LC holds a Gutenberg Bible.",OK
Ancient Rome: c. 500 BCE-500 CE,6.60,"Explain the expulsion of the Jews from their homeland by the Romans, which began the Jewish diaspora.",Yes,Judaea Capta Roman coin (Roman conquest of Judaea),coin,Roman imperial mint (unknown),c. 71-79 CE,The Met,CC0 1.0 (Met Open Access),Yes,https://www.metmuseum.org/search-results?q=judaea+capta+coin+vespasian,search,"Judaea Capta coin, Roman imperial. The Metropolitan Museum of Art, New York.","Roman coin marking the defeat of Judaea, showing a mourning captive beneath a palm.",NO,SSP.01; SSP.02; SSP.06,Roman expulsion of the Jews and the beginning of the diaspora.,OK
Ancient Rome: c. 500 BCE-500 CE,6.60,"Explain the expulsion of the Jews from their homeland by the Romans, which began the Jewish diaspora.",Yes,Historic photograph of the Arch of Titus relief (menorah / spoils of Jerusalem),photograph,19th-c. photographer (unknown),c. 1860-1900,Library of Congress,No known copyright restrictions (Library of Congress),Yes,https://www.loc.gov/search/?q=arch+of+titus+rome+photograph,search,"Photograph of the Arch of Titus, Rome, Library of Congress Prints and Photographs Division.",Photograph of the Arch of Titus relief showing Roman soldiers carrying the menorah from Jerusalem.,NO,SSP.01; SSP.02,Alternate: the Arch of Titus commemorates the sack of Jerusalem and the diaspora.,OK
Ancient Rome: c. 500 BCE-500 CE,6.61,"Explain the division of the Roman Empire into East and West, and identify the later establishment of Constantinople as the capital by Constantine.",Yes,Coin / portrait of Emperor Constantine,coin,Roman imperial mint (unknown),c. 307-337 CE,The Met,CC0 1.0 (Met Open Access),Yes,https://www.metmuseum.org/search-results?q=constantine+coin+roman,search,"Coin of Constantine the Great, Late Roman. The Metropolitan Museum of Art, New York.",Roman coin bearing the portrait of Emperor Constantine.,NO,SSP.01; SSP.02; SSP.06,Constantine and the founding of Constantinople as the new capital; East/West division.,OK
Ancient Rome: c. 500 BCE-500 CE,6.61,"Explain the division of the Roman Empire into East and West, and identify the later establishment of Constantinople as the capital by Constantine.",Yes,Historical map of the divided Roman Empire (East and West),map,Cartographer (varies),19th c.,Library of Congress,No known copyright restrictions (Library of Congress),Yes,https://www.loc.gov/search/?q=map+roman+empire+east+west+constantinople,search,"Map of the divided Roman Empire, Library of Congress Geography and Map Division.",Historical map showing the split of the Roman Empire into eastern and western halves with Constantinople.,NO,SSP.01; SSP.02; SSP.06,Alternate: division of the empire and location of Constantinople.,OK
Ancient Rome: c. 500 BCE-500 CE,6.62,"Analyze the fall of the Western Roman Empire, including difficulty governing its large territory, political corruption, economic instability, and attacks by Germanic tribes, and identify the continuation of the Eastern Roman Empire as the Byzantine Empire.",Yes,Migration-period / Germanic artifact (fall of the West),artifact,Germanic (unknown),c. 400-500 CE,The Met,CC0 1.0 (Met Open Access),Yes,https://www.metmuseum.org/search-results?q=migration+period+germanic+fibula,search,"Migration-period Germanic ornament, The Metropolitan Museum of Art, New York.",Ornate metal brooch or buckle made by Germanic peoples who invaded the Western Empire.,NO,SSP.01; SSP.02; SSP.06,Fall of the Western Roman Empire and Germanic incursions.,OK
Ancient Rome: c. 500 BCE-500 CE,6.62,"Analyze the fall of the Western Roman Empire, including difficulty governing its large territory, political corruption, economic instability, and attacks by Germanic tribes, and identify the continuation of the Eastern Roman Empire as the Byzantine Empire.",Yes,Early Byzantine artifact (continuation as the Byzantine Empire),artifact,Byzantine (unknown),c. 400-600 CE,The Met,CC0 1.0 (Met Open Access),Yes,https://www.metmuseum.org/search-results?q=early+byzantine+empire+object,search,"Early Byzantine object, The Metropolitan Museum of Art, New York.",Early Byzantine artwork reflecting the surviving Eastern Roman Empire.,NO,SSP.01; SSP.02,Alternate: the Eastern Roman Empire continuing as the Byzantine Empire.,OK
