Course,Standard,Standard Text,Unit / Cluster,Geographic?,Primary Source Title,Type,Creator,Year,Repository,Rights / License,Commercial Use OK?,Catalog URL,Download URL,Citation (academic),Alt Text,Verified?,Schedule F (SSP),Status
High School,US.01,Explain how the Homestead Act and the Transcontinental Railroad impacted the settlement of the West.,The Rise of Industrialization (1877-1900),Yes,,,,,,,,,,,,,,PENDING — source needed (egress-blocked archives)
High School,US.02,"Examine federal policies toward American Indians, including: the movement to reservations, assimilation, boarding schools, and the Dawes Act.",The Rise of Industrialization (1877-1900),Yes,,,,,,,,,,,,,,PENDING — source needed (egress-blocked archives)
High School,US.03,"Explain the impact of the Compromise of 1877, including: Jim Crow laws, lynching, disenfranchisement methods, the efforts of Benjamin “Pap” Singleton and the Exodusters, and the Plessy v. Ferguson decision. (T.C.A. § 49-6-1006)",The Rise of Industrialization (1877-1900),Yes,,,,,,,,,,,,,,PENDING — source needed (egress-blocked archives)
High School,US.04,"Analyze the causes and consequences of Gilded Age politics and economics as well as the significance of the rise of political machines, major scandals, civil service reform, and the economic difference between farmers, wage earners, and industrial capitalists, including the following:
• Boss Tweed
• Thomas Nast
• Credit Mobilier
• Spoils system and President James A. Garfield’s assassination
• Pendleton Act
• Interstate Commerce Act",The Rise of Industrialization (1877-1900),Yes,,,,,,,,,,,,,,PENDING — source needed (egress-blocked archives)
High School,US.05,"Describe the changes in American life that resulted from the inventions and innovations of business leaders and entrepreneurs of the period, including the significance of:
• Alexander Graham Bell
• Henry Bessemer
• Andrew Carnegie
• Thomas Edison
• J.P. Morgan
• John D. Rockefeller
• Nikola Tesla
• Cornelius Vanderbilt
• Madam C.J. Walker",The Rise of Industrialization (1877-1900),,,,,,,,,,,,,,,PENDING — source needed (egress-blocked archives)
High School,US.06,"Locate the following major industrial centers, and describe how industrialization influenced the movement of people from rural to urban areas:
• Boston
• Chicago
• New York City
• Pittsburgh
• San Francisco",The Rise of Industrialization (1877-1900),Yes,,,,,,,,,,,,,,PENDING — source needed (egress-blocked archives)
High School,US.07,"Describe the differences between “old” and “new” immigrants, analyze the assimilation process for “new” immigrants, and determine the impacts of increased migration on American society, including:
• Angel Island
• Ellis Island
• Push and pull factors
• Ethnic clusters
• Jane Addams
• Competition for jobs
• Rise of nativism
• Jacob Riis
• Chinese Exclusion Act and Gentleman’s Agreement",The Rise of Industrialization (1877-1900),Yes,,,,,,,,,,,,,,PENDING — source needed (egress-blocked archives)
High School,US.08,Explain the concepts of social Darwinism and the Social Gospel.,The Progressive Era (1890-1920),,,,,,,,,,,,,,,PENDING — source needed (egress-blocked archives)
High School,US.09,Compare and contrast the ideas and philosophies of Booker T. Washington and W.E.B. Du Bois. (T.C.A. § 49-6-1006),The Progressive Era (1890-1920),,,,,,,,,,,,,,,PENDING — source needed (egress-blocked archives)
High School,US.10,"Explain the characteristics and impact of the Granger movement and populism, emphasizing the conflicts between farmers and the railroads.",The Progressive Era (1890-1920),Yes,,,,,,,,,,,,,,PENDING — source needed (egress-blocked archives)
High School,US.11,"Explain the rise of the labor movement, union tactics (e.g., strikes), the role of leaders (e.g., Eugene Debs and Samuel Gompers), the unjust use of prison labor (e.g., Coal Creek labor saga), and the responses of management and government.",The Progressive Era (1890-1920),,,,,,,,,,,,,,,PENDING — source needed (egress-blocked archives)
High School,US.12,"Describe the rise of trusts and monopolies, their impact on consumers and workers, and the government’s response, including the Sherman Antitrust Act of 1890 and the Clayton Antitrust Act of 1914.",The Progressive Era (1890-1920),,,,,,,,,,,,,,,PENDING — source needed (egress-blocked archives)
High School,US.13,"Describe working conditions in industries during this era, including the use of labor by women and children.",The Progressive Era (1890-1920),,,,,,,,,,,,,,,PENDING — source needed (egress-blocked archives)
High School,US.14,"Explain the roles played by muckrakers and progressive idealists, including:
• Robert M. La Follette, Sr.
• President Theodore Roosevelt
• Upton Sinclair
• Lincoln Steffens
• Ida Tarbell",The Progressive Era (1890-1920),,,,,,,,,,,,,,,PENDING — source needed (egress-blocked archives)
High School,US.15,"Analyze the goals and achievements of the Progressive movement, including:
• Adoption of the initiative, referendum, and recall
• Adoption of the primary system
• 16th Amendment
• 17th Amendment
• 18th Amendment",The Progressive Era (1890-1920),,,,,,,,,,,,,,,PENDING — source needed (egress-blocked archives)
High School,US.16,"Analyze the significant progressive achievements during President Theodore Roosevelt’s administration, including:
• Square Deal
• “Trust-busting”
• Pure Food and Drug Act
• Meat Inspection Act
• Support for conservation",The Progressive Era (1890-1920),,,,,,,,,,,,,,,PENDING — source needed (egress-blocked archives)
High School,US.17,"Analyze the significant progressive achievements during President Woodrow Wilson’s administration, including: the New Freedom, the Federal Reserve Act, and the creation of the National Park Service.",The Progressive Era (1890-1920),,,,,,,,,,,,,,,PENDING — source needed (egress-blocked archives)
High School,US.18,"Describe the movement to achieve suffrage for women, including: the significance of leaders such as Carrie Chapman Catt, Anne Dallas Dudley, and Alice Paul, the activities of suffragettes, the passage of the 19th Amendment, and the role of Tennessee as the “Perfect 36.”",The Progressive Era (1890-1920),,,,,,,,,,,,,,,PENDING — source needed (egress-blocked archives)
High School,US.19,"Assess the causes of American imperialism in the late 19th and early 20th centuries, including: the desire for raw materials and new markets, the desire to spread American democratic and moral ideals, and yellow journalism.",Imperialism and World War I (1890-1920),Yes,,,,,,,,,,,,,,PENDING — source needed (egress-blocked archives)
High School,US.20,Compare and contrast the arguments of interventionists and non-interventionists of the period.,Imperialism and World War I (1890-1920),,,,,,,,,,,,,,,PENDING — source needed (egress-blocked archives)
High School,US.21,"Describe the causes of the Spanish-American War and the outcomes of American imperialism, including:
• Annexation of Hawaii
• Philippine Insurrection
• Roosevelt Corollary
• Panama Canal
• Access to Cuba",Imperialism and World War I (1890-1920),Yes,,,,,,,,,,,,,,PENDING — source needed (egress-blocked archives)
High School,US.22,"Compare and contrast President Theodore Roosevelt’s Big Stick diplomacy, President William Howard Taft’s Dollar Diplomacy, and President Woodrow Wilson’s Moral Diplomacy.",Imperialism and World War I (1890-1920),,,,,,,,,,,,,,,PENDING — source needed (egress-blocked archives)
High School,US.23,Explain the causes of World War I and the reasons for the initial declaration of U.S. neutrality.,Imperialism and World War I (1890-1920),Yes,,,,,,,,,,,,,,PENDING — source needed (egress-blocked archives)
High School,US.24,"Explain the reasons for American entry into World War I, including: the use of unrestricted submarine warfare, the Zimmerman Telegram, the defense of democracy, and economic motivations.",Imperialism and World War I (1890-1920),Yes,,,,,,,,,,,,,,PENDING — source needed (egress-blocked archives)
High School,US.25,"Identify and explain the impact of the following on World War I (T.C.A. § 49-6-1006):
• Trench warfare
• Use of new weapons and technology
• Harlem Hell Fighters
• Herbert Hoover
• John J. Pershing
• Alvin C. York",Imperialism and World War I (1890-1920),Yes,,,,,,,,,,,,,,PENDING — source needed (egress-blocked archives)
High School,US.26,"Analyze the political, economic, and social ramifications of World War I on the home front, including:
• Role played by women and minorities
• Voluntary rationing
• Committee on Public Information
• Opposition by conscientious objectors
• Schenck v. United States decision",Imperialism and World War I (1890-1920),,,,,,,,,,,,,,,PENDING — source needed (egress-blocked archives)
High School,US.27,"Analyze the significance of President Woodrow Wilson’s Fourteen Points, the causes and effects of the U.S. rejection of the League of Nations, and the subsequent impact on world politics.",Imperialism and World War I (1890-1920),,,,,,,,,,,,,,,PENDING — source needed (egress-blocked archives)
High School,US.28,Analyze the impact of the Great Migration of African Americans that began in the early 1900s from the rural South to the industrial regions of the Northeast and Midwest. (T.C.A. § 49-6-1006),The 1920s (1920-1929),Yes,,,,,,,,,,,,,,PENDING — source needed (egress-blocked archives)
High School,US.29,"Describe the growth and effects that radio and movies played in the emergence of popular culture as epitomized by celebrities such as Charlie Chaplin, Charles Lindbergh, and Babe Ruth.",The 1920s (1920-1929),,,,,,,,,,,,,,,PENDING — source needed (egress-blocked archives)
High School,US.30,"Examine the growth and popularity of country and blues music, including the rise of: the Grand Ole Opry, W.C. Handy, and Bessie Smith. (T.C.A. § 49-6-1006)",The 1920s (1920-1929),,,,,,,,,,,,,,,PENDING — source needed (egress-blocked archives)
High School,US.31,"Describe the impact of new technologies of the era, including the advent of air travel and spread of electricity.",The 1920s (1920-1929),,,,,,,,,,,,,,,PENDING — source needed (egress-blocked archives)
High School,US.32,"Describe the impact of Henry T. Ford, the automobile, and the mass production of automobiles on the American economy and society.",The 1920s (1920-1929),,,,,,,,,,,,,,,PENDING — source needed (egress-blocked archives)
High School,US.33,"Describe the Harlem Renaissance, its impact, and important figures, including (T.C.A. § 49-6-1006):
• Louis Armstrong
• Duke Ellington
• Langston Hughes
• Zora Neale Hurston",The 1920s (1920-1929),,,,,,,,,,,,,,,PENDING — source needed (egress-blocked archives)
High School,US.34,"Describe changes in the social and economic status of women during this era, including: flappers, birth control, clerical and office jobs, and the rise of women’s colleges.",The 1920s (1920-1929),,,,,,,,,,,,,,,PENDING — source needed (egress-blocked archives)
High School,US.35,"Examine challenges related to civil liberties and racial/ethnic tensions during this era, including (T.C.A. § 49-6-1006):
• First Red Scare
• Immigration Quota Acts of the 1920s
• Resurgence of the Ku Klux Klan
• Efforts of Ida B. Wells
• Emergence of Garveyism
• Rise of the NAACP",The 1920s (1920-1929),Yes,,,,,,,,,,,,,,PENDING — source needed (egress-blocked archives)
High School,US.36,"Describe the Scopes Trial of 1925, including: the major figures, two sides of the controversy, the outcome, and legacy.",The 1920s (1920-1929),,,,,,,,,,,,,,,PENDING — source needed (egress-blocked archives)
High School,US.37,"Describe the impacts of Prohibition on American society, including: the rise of organized crime, bootlegging, and speakeasies.",The 1920s (1920-1929),,,,,,,,,,,,,,,PENDING — source needed (egress-blocked archives)
High School,US.38,"Analyze the changes in the economy and culture of the U.S. as a result of credit expansion, consumerism, and financial speculation.",The 1920s (1920-1929),,,,,,,,,,,,,,,PENDING — source needed (egress-blocked archives)
High School,US.39,"Analyze the causes of the Great Depression, including:
• Bank failures
• Buying on margin
• Crash of the stock market
• Excess consumerism
• High tariffs
• Laissez-faire politics
• Overextension of credit
• Overproduction in agriculture and manufacturing
• Rising unemployment",The Great Depression and New Deal (1929-1941),,,,,,,,,,,,,,,PENDING — source needed (egress-blocked archives)
High School,US.40,"Analyze the causes of the Dust Bowl, and explain the social, geographic, and economic impacts.",The Great Depression and New Deal (1929-1941),Yes,,,,,,,,,,,,,,PENDING — source needed (egress-blocked archives)
High School,US.41,"Describe the impact of the Great Depression on the American people, including: mass unemployment, migration, and Hoovervilles.",The Great Depression and New Deal (1929-1941),Yes,,,,,,,,,,,,,,PENDING — source needed (egress-blocked archives)
High School,US.42,"Describe the steps taken by President Herbert Hoover to address the depression, including his: philosophy of “Rugged Individualism,” public works projects, the Reconstruction Finance Corporation, and response to the “Bonus Army.”",The Great Depression and New Deal (1929-1941),,,,,,,,,,,,,,,PENDING — source needed (egress-blocked archives)
High School,US.43,"Analyze the impact of the relief, recovery, and reform efforts of President Franklin D. Roosevelt’s New Deal programs, including:
• Agricultural Adjustment Act
• Civilian Conservation Corps
• Fair Labor Standards Act
• Federal Deposit Insurance Corporation
• National Recovery Administration
• Securities and Exchange Commission
• Social Security
• Tennessee Valley Authority
• Works Progress Administration",The Great Depression and New Deal (1929-1941),Yes,,,,,,,,,,,,,,PENDING — source needed (egress-blocked archives)
High School,US.44,"Analyze the effects of and the controversies arising from New Deal economic policies, including charges of socialism and President Franklin D. Roosevelt’s “court packing” attempt.",The Great Depression and New Deal (1929-1941),,,,,,,,,,,,,,,PENDING — source needed (egress-blocked archives)
High School,US.45,"Explain the rise and spread of fascism, communism, and totalitarianism internationally.",World War II (1936-1945),Yes,,,,,,,,,,,,,,PENDING — source needed (egress-blocked archives)
High School,US.46,"Explain President Franklin D. Roosevelt’s response to world crises, including: the Quarantine Speech, the Four Freedoms speech, the Atlantic Charter, and the Lend-Lease Act.",World War II (1936-1945),,,,,,,,,,,,,,,PENDING — source needed (egress-blocked archives)
High School,US.47,"Analyze the response of the U.S. to the plight of European Jews before the start of the war, the U.S. liberation of concentration camps during the war, and the immigration of Holocaust survivors after the war.",World War II (1936-1945),Yes,,,,,,,,,,,,,,PENDING — source needed (egress-blocked archives)
High School,US.48,"Explain the reasons for American entry into World War II, including the attack on Pearl Harbor.",World War II (1936-1945),Yes,,,,,,,,,,,,,,PENDING — source needed (egress-blocked archives)
High School,US.49,"Identify the roles and the significant actions of the following individuals in World War II:
• Winston Churchill
• Dwight D. Eisenhower
• Adolf Hitler
• Douglas MacArthur
• George C. Marshall
• Benito Mussolini
• President Franklin D. Roosevelt
• Joseph Stalin
• Hideki Tojo
• President Harry S. Truman",World War II (1936-1945),,,,,,,,,,,,,,,PENDING — source needed (egress-blocked archives)
High School,US.50,"Explain the role of geographic and military factors on the outcomes of battles in the Pacific and European theaters of war, including the Battles of Midway, Iwo Jima, Okinawa, and D-Day.",World War II (1936-1945),Yes,,,,,,,,,,,,,,PENDING — source needed (egress-blocked archives)
High School,US.51,"Identify the roles and sacrifices of individual American soldiers, as well as the unique contributions of special fighting forces such as the Tuskegee Airmen, the 442nd Regimental Combat team, the 101st Airborne, and the Navajo Code Talkers.",World War II (1936-1945),,,,,,,,,,,,,,,PENDING — source needed (egress-blocked archives)
High School,US.52,Examine and explain the entry of large numbers of women into the workforce and armed forces during World War II and the subsequent impact on American society.,World War II (1936-1945),,,,,,,,,,,,,,,PENDING — source needed (egress-blocked archives)
High School,US.53,"Examine the impact of World War II on economic and social conditions for African Americans, including the Fair Employment Practices Committee and the eventual integration of the armed forces by President Harry S. Truman. (T.C.A. § 49-6-1006)",World War II (1936-1945),,,,,,,,,,,,,,,PENDING — source needed (egress-blocked archives)
High School,US.54,"Describe the constitutional issues and impact of the internment of Japanese Americans on the U.S., including the Fred Korematsu v. United States of America decision.",World War II (1936-1945),,,,,,,,,,,,,,,PENDING — source needed (egress-blocked archives)
High School,US.55,"Describe the war’s impact on the home front, including:
• Rationing
• Bond drives
• Propaganda
• Movement to cities and industrial centers
• Bracero program
• Conversion of factories for wartime production
• Location of prisoner of war camps in Tennessee",World War II (1936-1945),Yes,,,,,,,,,,,,,,PENDING — source needed (egress-blocked archives)
High School,US.56,"Describe the Manhattan Project, and explain the rationale for using the atomic bomb to end the war.",World War II (1936-1945),Yes,,,,,,,,,,,,,,PENDING — source needed (egress-blocked archives)
High School,US.57,Explain the major outcomes of the Yalta and Potsdam Conferences.,World War II (1936-1945),,,,,,,,,,,,,,,PENDING — source needed (egress-blocked archives)
High School,US.58,"Identify and explain the reasons for the founding of the United Nations, including the role of Cordell Hull.",World War II (1936-1945),,,,,,,,,,,,,,,PENDING — source needed (egress-blocked archives)
High School,US.59,"Describe the competition between the U.S. and the Soviet Union in arms development, economic dominance, and ideology, including the roles of NATO, SEATO, and the Warsaw Pact.",Cold War (1947-1991),Yes,,,,,,,,,,,,,,PENDING — source needed (egress-blocked archives)
High School,US.60,"Explain the Cold War policies of containment and the Truman Doctrine, Marshall Plan, and Berlin Airlift.",Cold War (1947-1991),Yes,,,,,,,,,,,,,,PENDING — source needed (egress-blocked archives)
High School,US.61,"Analyze the causes and effects of the Second Red Scare, including: Americans’ attitudes toward McCarthyism, blacklisting, and Julius and Ethel Rosenberg.",Cold War (1947-1991),,,,,,,,,,,,,,,PENDING — source needed (egress-blocked archives)
High School,US.62,"Describe the causes, course, and consequences of the Korean War, including:
• Domino theory
• 38th parallel
• Battle of Inchon
• Entry of the communist Chinese
• Final division of the Koreas",Cold War (1947-1991),Yes,,,,,,,,,,,,,,PENDING — source needed (egress-blocked archives)
High School,US.63,"Explain Cold War policies during President Dwight D. Eisenhower’s administration, including brinksmanship and “peaceful coexistence.”",Cold War (1947-1991),,,,,,,,,,,,,,,PENDING — source needed (egress-blocked archives)
High School,US.64,"Explain the fears of Americans surrounding nuclear holocaust, debates over stockpiling, and the use of nuclear weapons, including:
• Atomic testing
• Civil defense
• Fallout shelters
• Impact of Sputnik
• Mutual assured destruction",Cold War (1947-1991),,,,,,,,,,,,,,,PENDING — source needed (egress-blocked archives)
High School,US.65,"Describe the relationship between Cuba and the U.S., including the Bay of Pigs Invasion and Cuban Missile Crisis.",Cold War (1947-1991),Yes,,,,,,,,,,,,,,PENDING — source needed (egress-blocked archives)
High School,US.66,"Describe the causes, course, and consequences of the Vietnam War, including:
• Geneva Accords
• Gulf of Tonkin Resolution
• Tet Offensive
• Vietnamization
• Ho Chi Minh
• Bombing of Cambodia
• Napalm and Agent Orange",Cold War (1947-1991),Yes,,,,,,,,,,,,,,PENDING — source needed (egress-blocked archives)
High School,US.67,"Compare the policies and practices of Presidents John F. Kennedy, Lyndon Johnson, and Richard Nixon and their impacts on the continuation of the Vietnam War.",Cold War (1947-1991),,,,,,,,,,,,,,,PENDING — source needed (egress-blocked archives)
High School,US.68,"Evaluate the impact of the Vietnam War on the home front, including: the anti-war movement, draft by lottery, and the role of television and the media.",Cold War (1947-1991),,,,,,,,,,,,,,,PENDING — source needed (egress-blocked archives)
High School,US.69,Describe the competition between the U.S. and Soviet Union for superiority in space.,Cold War (1947-1991),Yes,,,,,,,,,,,,,,PENDING — source needed (egress-blocked archives)
High School,US.70,"Explain developments that eased tensions during the Cold War, including:
• President Richard Nixon’s detente
• President Jimmy Carter’s SALT Treaties
• President Ronald Reagan and Mikhail Gorbachev’s INF Treaty
• The fall of the Berlin Wall",Cold War (1947-1991),Yes,,,,,,,,,,,,,,PENDING — source needed (egress-blocked archives)
High School,US.71,"Analyze the impact of prosperity and consumerism in the 1950s, including: the growth of white-collar jobs, the “suburban ideal,” the impact of the G.I. Bill, and the increased reliance on foreign oil.",A Nation in Transition (1950s-1963),Yes,,,,,,,,,,,,,,PENDING — source needed (egress-blocked archives)
High School,US.72,Explain the impact of the baby boomer generation on the American economy and culture.,A Nation in Transition (1950s-1963),Yes,,,,,,,,,,,,,,PENDING — source needed (egress-blocked archives)
High School,US.73,"Describe domestic developments during President Dwight D. Eisenhower’s administration, including advances in medicine and the creation of the Interstate Highway System.",A Nation in Transition (1950s-1963),Yes,,,,,,,,,,,,,,PENDING — source needed (egress-blocked archives)
High School,US.74,"Describe the growing influence of the automobile on American society, including the growth of: suburbia, fast food chains, and the hotel industry.",A Nation in Transition (1950s-1963),Yes,,,,,,,,,,,,,,PENDING — source needed (egress-blocked archives)
High School,US.75,"Analyze the increasing impact of television and mass media on the American home, politics, and economy.",A Nation in Transition (1950s-1963),,,,,,,,,,,,,,,PENDING — source needed (egress-blocked archives)
High School,US.76,"Describe the emergence of a youth culture, including beatniks and the progression of popular music (from swing to rhythm and blues to rock ‘n’ roll), and the impact of Tennessee on the music industry, including the influence of B.B. King, Elvis Presley, Stax Records, and Sun Studio. (T.C.A. § 49-6-1006)",A Nation in Transition (1950s-1963),,,,,,,,,,,,,,,PENDING — source needed (egress-blocked archives)
High School,US.77,"Describe President John F. Kennedy’s New Frontier programs to improve education, end racial discrimination, create the Peace Corps, and put a man on the moon.",A Nation in Transition (1950s-1963),Yes,,,,,,,,,,,,,,PENDING — source needed (egress-blocked archives)
High School,US.78,Examine the decision and impact of Brown v. Board of Education on desegregation. (T.C.A. § 49-6-1006),Civil Rights Movement (1950s-1960s),Yes,,,,,,,,,,,,,,PENDING — source needed (egress-blocked archives)
High School,US.79,"Examine the roles and actions of civil rights advocates (e.g., Malcolm X, Thurgood Marshall, Rosa Parks) and opponents (e.g., Bull Connor, Orval Faubus, Strom Thurmond) and how they coincided with, confronted, and challenged each other. (T.C.A. § 49-6-1006)",Civil Rights Movement (1950s-1960s),Yes,,,,,,,,,,,,,,PENDING — source needed (egress-blocked archives)
High School,US.80,"Describe the significant events in the struggle to secure civil rights for African Americans, including: (T.C.A. § 49-6-1006)
• Montgomery Bus Boycott
• Integration of Clinton High School in Clinton, TN
• Integration of Central High School in Little Rock, AR
• Freedom Riders
• Tent City in Fayette County, TN
• Marches, demonstrations, boycotts, and sit-ins (e.g., Nashville)
• March on Washington, D.C.
• Birmingham bombings of 1963
• Assassination of Martin Luther King, Jr.
• Highlander Folk School",Civil Rights Movement (1950s-1960s),Yes,,,,,,,,,,,,,,PENDING — source needed (egress-blocked archives)
High School,US.81,"Analyze civil and voting rights legislation, including: the Civil Rights Act of 1964, the Voting Rights Act of 1965, the Civil Rights Act of 1968 (i.e., Fair Housing Act), and the 24th Amendment. (T.C.A. § 49-6-1006)",Civil Rights Movement (1950s-1960s),,,,,,,,,,,,,,,PENDING — source needed (egress-blocked archives)
High School,US.82,"Analyze how the American Indian Movement, Chicano Movement, and Feminist Movement are related to the Civil Rights Movement in advancing equality across the broader spectrum of American society during this time period.",Civil Rights Movement (1950s-1960s),,,,,,,,,,,,,,,PENDING — source needed (egress-blocked archives)
High School,US.83,"Evaluate the impact of President Lyndon Johnson’s Great Society programs, including: Medicare, urban renewal, and the War on Poverty.",The Modern United States (1960s-present),Yes,,,,,,,,,,,,,,PENDING — source needed (egress-blocked archives)
High School,US.84,"Analyze different points of view that reflect the rise of social activism and the growth of counterculture, including: generation gap, hippies, and Woodstock.",The Modern United States (1960s-present),Yes,,,,,,,,,,,,,,PENDING — source needed (egress-blocked archives)
High School,US.85,"Explain significant achievements of President Richard Nixon’s administration, including his appeal to the “silent majority” and his major foreign policy actions.",The Modern United States (1960s-present),Yes,,,,,,,,,,,,,,PENDING — source needed (egress-blocked archives)
High School,US.86,"Examine the Watergate scandal, including:
• Background of the break-in
• Changing role of media and journalism
• Legacy of distrust
• Controversy surrounding President Gerald Ford’s pardon
• United States v. Nixon",The Modern United States (1960s-present),,,,,,,,,,,,,,,PENDING — source needed (egress-blocked archives)
High School,US.87,"Explain the emergence of environmentalism, including the creation of the Environmental Protection Agency and disasters such as Love Canal and Three Mile Island.",The Modern United States (1960s-present),Yes,,,,,,,,,,,,,,PENDING — source needed (egress-blocked archives)
High School,US.88,"Identify and explain the significant events of President Jimmy Carter’s administration, including:
• Poor economy
• Panama Canal Treaty
• Camp David Accords
• Energy crisis
• Iran Hostage Crisis",The Modern United States (1960s-present),Yes,,,,,,,,,,,,,,PENDING — source needed (egress-blocked archives)
High School,US.89,"Analyze the significance of President Ronald Reagan’s administration, including:
• Revitalization of national pride
• Reaganomics
• Iran-Contra affair
• “War on Drugs”
• Strategic Defense Initiative
• AIDS epidemic",The Modern United States (1960s-present),Yes,,,,,,,,,,,,,,PENDING — source needed (egress-blocked archives)
High School,US.90,"Describe the significant events of President George H.W. Bush’s administration, including the invasion of Panama and the Gulf War.",The Modern United States (1960s-present),Yes,,,,,,,,,,,,,,PENDING — source needed (egress-blocked archives)
High School,US.91,"Summarize the events of President Bill Clinton’s administration, including:
• Welfare-to-work
• Balanced budget
• NAFTA
• Scandals and subsequent impeachment hearings",The Modern United States (1960s-present),Yes,,,,,,,,,,,,,,PENDING — source needed (egress-blocked archives)
High School,US.92,"Describe the impact of the September 11, 2001 terrorist attacks on the World Trade Center and the Pentagon, including: the response of President George W. Bush, wars in Afghanistan and Iraq, and continued efforts to combat terrorism globally.",The Modern United States (1960s-present),Yes,,,,,,,,,,,,,,PENDING — source needed (egress-blocked archives)
High School,US.93,"Describe the increasing role of women and minorities in the American military, politics, and economy, including (T.C.A. § 49-6-1006):
• Hillary Clinton
• Sandra Day O’Connor
• Nancy Pelosi
• Colin Powell
• Condoleezza Rice",The Modern United States (1960s-present),,,,,,,,,,,,,,,PENDING — source needed (egress-blocked archives)
High School,US.94,"Compare and contrast commonly used methods of communication from 1970 to today, and analyze the impact they have had on society.",The Modern United States (1960s-present),Yes,,,,,,,,,,,,,,PENDING — source needed (egress-blocked archives)
High School,US.95,Describe the achievements and setbacks of President Barack Obama’s administration.,The Modern United States (1960s-present),,,,,,,,,,,,,,,PENDING — source needed (egress-blocked archives)
