Unit / Cluster,Standard,Standard Text,Geo?,Map / Title,Type,Creator,Year,Repository,Rights / License,Commercial Use OK?,Link,Link Type,Academic Citation,Alt Text,Verified?,Schedule F (SSP),Fit / Note,Guardrail Check
"Foundations of Human Civilization: c. 10,000-3500 BCE",6.03,"Explain the impact of the Agricultural Revolution, including: Barter economy; Domestication of plants and animals; Emergence of permanent settlements; Food surpluses; Labor specialization; New sources of clothing and shelter",Yes,Reference Map of the Ancient Orient (Fertile Crescent),map,William R. Shepherd,1911,"Perry-Castañeda Historical Map Collection (Shepherd, Historical Atlas, 1911)",Public domain — published pre-1929,Yes,https://legacy.lib.utexas.edu/maps/historical/history_shepherd_1911.html,canonical,"Shepherd, William R. Historical Atlas. New York: Henry Holt, 1911. Public domain. Perry-Castañeda Library Map Collection, University of Texas at Austin.",Physical-political map of the ancient Near East showing the Fertile Crescent arc from the Persian Gulf up the Tigris-Euphrates and across to the Mediterranean and Nile.,NO,SSP.06; SSP.01,Shows the Tigris-Euphrates and Nile valleys where the Agricultural Revolution took hold; use to locate the earliest zones of plant/animal domestication and permanent settlement.,OK
"Foundations of Human Civilization: c. 10,000-3500 BCE",6.03,"Explain the impact of the Agricultural Revolution, including: Barter economy; Domestication of plants and animals; Emergence of permanent settlements; Food surpluses; Labor specialization; New sources of clothing and shelter",Yes,The Ancient World / Cradles of Civilization,map,David Rumsey Map Collection (historical map),1911,David Rumsey Map Collection,CC BY — David Rumsey,Yes,https://www.davidrumsey.com/luna/servlet/allSearch?q=ancient+world+agriculture+cradle+civilization,search,"David Rumsey Map Collection, Stanford Libraries. CC BY. The Ancient World / Cradles of Civilization.",Old atlas plate of the ancient world highlighting early river-valley civilizations.,NO,SSP.06; SSP.01,General map of early civilization cradles; supports discussion of where surplus agriculture first emerged.,OK — attribute (CC BY)
"Foundations of Human Civilization: c. 10,000-3500 BCE",6.04,Identify and explain the importance of the following key characteristics of civilizations: Culture; Government; Religion; Social structure; Stable food supply; Technology; Writing,Yes,The Ancient World — Early Civilizations Overview,map,Perry-Castañeda Library Map Collection (historical atlas facsimiles),1911,Perry-Castañeda Historical Map Collection,Public domain — published pre-1929,Yes,https://legacy.lib.utexas.edu/maps/historical/history_ancient.html,canonical,"Perry-Castañeda Library Map Collection, University of Texas at Austin (public-domain historical map). The Ancient World — Early Civilizations Overview.","Overview map of the ancient world showing Mesopotamia, Egypt, India, and China river-valley civilizations.",NO,SSP.06; SSP.01,"Whole-ancient-world reference map to introduce the river-valley civilizations that share the seven characteristics (government, writing, cities, etc.).",OK
"Foundations of Human Civilization: c. 10,000-3500 BCE",6.04,Identify and explain the importance of the following key characteristics of civilizations: Culture; Government; Religion; Social structure; Stable food supply; Technology; Writing,Yes,Map of the Ancient World,map,David Rumsey Map Collection (historical map),1900,David Rumsey Map Collection,CC BY — David Rumsey,Yes,https://www.davidrumsey.com/luna/servlet/allSearch?q=ancient+world+early+civilizations,search,"David Rumsey Map Collection, Stanford Libraries. CC BY. Map of the Ancient World.",Historical world map centered on the ancient Eastern Hemisphere civilizations.,NO,SSP.06; SSP.01,Broad orientation map for comparing the first civilizations by location.,OK — attribute (CC BY)
Ancient Mesopotamia: c. 3500-1700 BCE,6.05,"Identify and locate geographical features of ancient Mesopotamia, including: Black Sea; Persian Gulf; Euphrates River; Tigris River; Mediterranean Sea; Zagros Mountains",Yes,"The Oriental Empires (Mesopotamia: Tigris, Euphrates, Zagros, Persian Gulf)",map,William R. Shepherd,1911,"Perry-Castañeda Historical Map Collection (Shepherd, Historical Atlas, 1911)",Public domain — published pre-1929,Yes,https://legacy.lib.utexas.edu/maps/historical/history_shepherd_1911.html,canonical,"Shepherd, William R. Historical Atlas. New York: Henry Holt, 1911. Public domain. Perry-Castañeda Library Map Collection, University of Texas at Austin.","Map of ancient Mesopotamia labeling the Tigris and Euphrates rivers, Persian Gulf, Zagros Mountains, and surrounding seas.",NO,SSP.06; SSP.01,"Locates the required features: Tigris and Euphrates Rivers, Persian Gulf, Zagros Mountains, Mediterranean and Black Seas.",OK
Ancient Mesopotamia: c. 3500-1700 BCE,6.05,"Identify and locate geographical features of ancient Mesopotamia, including: Black Sea; Persian Gulf; Euphrates River; Tigris River; Mediterranean Sea; Zagros Mountains",Yes,Map of Ancient Mesopotamia and the Near East,map,"Library of Congress, Geography & Map Division",1910,Library of Congress Geography & Map Division,Public domain — published pre-1929,Yes,https://www.loc.gov/maps/?q=ancient+mesopotamia+tigris+euphrates,search,"Library of Congress, Geography and Map Division, Washington, D.C. Public domain. Map of Ancient Mesopotamia and the Near East.",Labeled physical map of Mesopotamia showing its two rivers and bordering mountains and gulf.,NO,SSP.06; SSP.01,Alternate labeled physical map for a features-location exercise.,OK
Ancient Mesopotamia: c. 3500-1700 BCE,6.06,Explain how geographic and climatic features led to the region being known as the Fertile Crescent.,Yes,The Fertile Crescent — Physical Map of the Ancient Near East,map,William R. Shepherd,1911,"Perry-Castañeda Historical Map Collection (Shepherd, Historical Atlas, 1911)",Public domain — published pre-1929,Yes,https://legacy.lib.utexas.edu/maps/historical/history_shepherd_1911.html,canonical,"Shepherd, William R. Historical Atlas. New York: Henry Holt, 1911. Public domain. Perry-Castañeda Library Map Collection, University of Texas at Austin.",Physical map of the Near East emphasizing the arc of fertile river-watered land between desert and mountains.,NO,SSP.06; SSP.01,Physical relief and rivers show why the crescent of land from the Persian Gulf to the Levant was fertile; connects climate/irrigation to settlement.,OK
Ancient Mesopotamia: c. 3500-1700 BCE,6.08,"Analyze how advancements in agriculture in Sumer led to economic growth, expansion of trade and transportation, and the emergence of independent city-states.",Yes,Babylonia and the Sumerian City-States,map,William R. Shepherd,1911,"Perry-Castañeda Historical Map Collection (Shepherd, Historical Atlas, 1911)",Public domain — published pre-1929,Yes,https://legacy.lib.utexas.edu/maps/historical/history_shepherd_1911.html,canonical,"Shepherd, William R. Historical Atlas. New York: Henry Holt, 1911. Public domain. Perry-Castañeda Library Map Collection, University of Texas at Austin.",Map of southern Mesopotamia marking Sumerian city-states along the rivers near the Persian Gulf.,NO,SSP.06; SSP.01,"Locates the independent Sumerian city-states (Ur, Uruk, Lagash) along the lower Tigris-Euphrates; supports the link between irrigated agriculture, trade, and city-states.",OK
Ancient Mesopotamia: c. 3500-1700 BCE,6.09,"Explain the basic concepts of monarchy and empire, and identify Mesopotamia as the regional location of the world's first empire.",Yes,The Oriental Empires about 600 B.C. (and the Empire of Sargon of Akkad),map,William R. Shepherd,1911,"Perry-Castañeda Historical Map Collection (Shepherd, Historical Atlas, 1911)",Public domain — published pre-1929,Yes,https://legacy.lib.utexas.edu/maps/historical/history_shepherd_1911.html,canonical,"Shepherd, William R. Historical Atlas. New York: Henry Holt, 1911. Public domain. Perry-Castañeda Library Map Collection, University of Texas at Austin.",Map showing the extent of the early Mesopotamian empires spanning multiple former city-states.,NO,SSP.06; SSP.01,"Illustrates the concept of empire and Mesopotamia as home to the world's first empire (Akkad), showing territory unified under one ruler.",OK
Ancient Egypt: c. 3000-700 BCE,6.13,"Identify and locate geographical features of ancient Egypt, including: Mediterranean Sea; Red Sea; Nile Delta; The regions of Upper and Lower Egypt; Nile River; The Sahara",Yes,"Ancient Egypt (Nile, Delta, Upper and Lower Egypt)",map,William R. Shepherd,1911,"Perry-Castañeda Historical Map Collection (Shepherd, Historical Atlas, 1911)",Public domain — published pre-1929,Yes,https://legacy.lib.utexas.edu/maps/historical/history_shepherd_1911.html,canonical,"Shepherd, William R. Historical Atlas. New York: Henry Holt, 1911. Public domain. Perry-Castañeda Library Map Collection, University of Texas at Austin.","Map of ancient Egypt showing the Nile flowing north to its delta, the divisions of Upper and Lower Egypt, and the Red and Mediterranean seas.",NO,SSP.06; SSP.01,"Locates required features: Nile River, Nile Delta, Upper and Lower Egypt, Red Sea, Mediterranean Sea, and the surrounding Sahara.",OK
Ancient Egypt: c. 3000-700 BCE,6.13,"Identify and locate geographical features of ancient Egypt, including: Mediterranean Sea; Red Sea; Nile Delta; The regions of Upper and Lower Egypt; Nile River; The Sahara",Yes,Ancient Egypt — Nile Valley Map,map,"Library of Congress, Geography & Map Division",1912,Library of Congress Geography & Map Division,Public domain — published pre-1929,Yes,https://www.loc.gov/maps/?q=ancient+egypt+nile,search,"Library of Congress, Geography and Map Division, Washington, D.C. Public domain. Ancient Egypt — Nile Valley Map.",Historical map of the Egyptian Nile valley with the delta and desert margins labeled.,NO,SSP.06; SSP.01,Alternate labeled map for a features-location task.,OK
Ancient Egypt: c. 3000-700 BCE,6.14,"Explain how agricultural practices impacted life and economic growth in ancient Egypt, including the use of irrigation and development of a calendar.",Yes,The Nile Valley and Its Agricultural Floodplain,map,William R. Shepherd,1911,"Perry-Castañeda Historical Map Collection (Shepherd, Historical Atlas, 1911)",Public domain — published pre-1929,Yes,https://legacy.lib.utexas.edu/maps/historical/history_shepherd_1911.html,canonical,"Shepherd, William R. Historical Atlas. New York: Henry Holt, 1911. Public domain. Perry-Castañeda Library Map Collection, University of Texas at Austin.",Map of the Nile corridor highlighting the cultivated floodplain hemmed by desert.,NO,SSP.06; SSP.01,"Shows the narrow green floodplain and delta that Nile flooding and irrigation made productive, supporting the geography-of-agriculture point.",OK
Ancient Egypt: c. 3000-700 BCE,6.17,"Analyze the impact of key figures from ancient Egypt, including: Growth under the leadership of Queen Hatshepsut and her economic policies; Ramses the Great's military conquests leading to growth of the kingdom; Significance of the discovery of Tutankhamun's tomb on the understanding of ancient Egypt",Yes,Egypt and the New Kingdom Empire,map,William R. Shepherd,1911,"Perry-Castañeda Historical Map Collection (Shepherd, Historical Atlas, 1911)",Public domain — published pre-1929,Yes,https://legacy.lib.utexas.edu/maps/historical/history_shepherd_1911.html,canonical,"Shepherd, William R. Historical Atlas. New York: Henry Holt, 1911. Public domain. Perry-Castañeda Library Map Collection, University of Texas at Austin.",Map of the Egyptian New Kingdom empire extending south into Nubia and north into the Levant.,NO,SSP.06; SSP.01,"Shows the extent of Egypt's power under New Kingdom rulers (e.g., Hatshepsut, Ramses II), including conquests into Nubia and the Levant.",OK
Ancient Egypt: c. 3000-700 BCE,6.18,"Analyze the achievements of ancient Egyptian civilization, including: hieroglyphics, papyrus, and the pyramids and Sphinx at Giza.",Yes,Ancient Egypt — Locating Giza and Major Monuments,map,Perry-Castañeda Library Map Collection (historical atlas facsimiles),1911,Perry-Castañeda Historical Map Collection,Public domain — published pre-1929,Yes,https://legacy.lib.utexas.edu/maps/historical/history_ancient.html,canonical,"Perry-Castañeda Library Map Collection, University of Texas at Austin (public-domain historical map). Ancient Egypt — Locating Giza and Major Monuments.",Map of Lower Egypt marking Giza and the pyramid fields near the apex of the Nile delta.,NO,SSP.06; SSP.01,Locates Giza (pyramids and Sphinx) and other monument sites relative to Memphis and the Nile; anchors the 'achievements' discussion in place.,OK
Ancient Egypt: c. 3000-700 BCE,6.19,"Examine the cultural diffusion of ancient Egypt with surrounding civilizations through trade and conflict, including its relationship with Nubia.",Yes,Egypt and Nubia (Kush) — Trade and Contact Along the Nile,map,William R. Shepherd,1911,"Perry-Castañeda Historical Map Collection (Shepherd, Historical Atlas, 1911)",Public domain — published pre-1929,Yes,https://legacy.lib.utexas.edu/maps/historical/history_shepherd_1911.html,canonical,"Shepherd, William R. Historical Atlas. New York: Henry Holt, 1911. Public domain. Perry-Castañeda Library Map Collection, University of Texas at Austin.","Map of the upper Nile showing Egypt to the north and Nubia/Kush to the south, connected by the river.",NO,SSP.06; SSP.01,"Shows Egypt and Nubia/Kush upriver, supporting analysis of cultural diffusion through Nile trade and conflict.",OK
Ancient Israel: c. 2000-500 BCE,6.20,"Identify and locate geographical features of ancient Israel, including: Dead Sea; Mediterranean Sea; Jerusalem; Red Sea; Jordan River; Sinai Peninsula",Yes,"Palestine / Ancient Israel (Jordan River, Dead Sea, Jerusalem)",map,William R. Shepherd,1911,"Perry-Castañeda Historical Map Collection (Shepherd, Historical Atlas, 1911)",Public domain — published pre-1929,Yes,https://legacy.lib.utexas.edu/maps/historical/history_shepherd_1911.html,canonical,"Shepherd, William R. Historical Atlas. New York: Henry Holt, 1911. Public domain. Perry-Castañeda Library Map Collection, University of Texas at Austin.","Map of ancient Israel showing the Jordan River flowing into the Dead Sea, Jerusalem, and the coast and Sinai.",NO,SSP.06; SSP.01,"Locates required features: Dead Sea, Jordan River, Jerusalem, Mediterranean and Red Seas, and the Sinai Peninsula.",OK
Ancient Israel: c. 2000-500 BCE,6.20,"Identify and locate geographical features of ancient Israel, including: Dead Sea; Mediterranean Sea; Jerusalem; Red Sea; Jordan River; Sinai Peninsula",Yes,Map of Ancient Palestine / the Holy Land,map,David Rumsey Map Collection (historical map),1900,David Rumsey Map Collection,CC BY — David Rumsey,Yes,https://www.davidrumsey.com/luna/servlet/allSearch?q=ancient+palestine+holy+land+jerusalem,search,"David Rumsey Map Collection, Stanford Libraries. CC BY. Map of Ancient Palestine / the Holy Land.","Historical map of the Holy Land with the Jordan valley, Dead Sea, and Jerusalem labeled.",NO,SSP.06; SSP.01,Alternate labeled map for locating Israel's core geography.,OK — attribute (CC BY)
Ancient Israel: c. 2000-500 BCE,6.21,"Describe the development of the ancient Israelites, and explain the reasons for their movements from Mesopotamia to Canaan (later called Israel), from Canaan to Egypt, and from Egypt back to Canaan.",Yes,Movements of the Ancient Israelites (Mesopotamia–Canaan–Egypt–Canaan),map,William R. Shepherd,1911,"Perry-Castañeda Historical Map Collection (Shepherd, Historical Atlas, 1911)",Public domain — published pre-1929,Yes,https://legacy.lib.utexas.edu/maps/historical/history_shepherd_1911.html,canonical,"Shepherd, William R. Historical Atlas. New York: Henry Holt, 1911. Public domain. Perry-Castañeda Library Map Collection, University of Texas at Austin.","Map with route arrows showing Israelite movement from Mesopotamia to Canaan, down to Egypt, and back.",NO,SSP.06; SSP.01,"Supports tracing the migrations from Mesopotamia to Canaan, into Egypt, and back to Canaan (Exodus route).",OK
Ancient Israel: c. 2000-500 BCE,6.22,"Describe the origins and central features of Judaism: Key Person(s): Abraham, Moses; Sacred Texts: The Tanakh (i.e., Hebrew Bible); Basic Beliefs: monotheism, Ten Commandments, emphasis on individual worth and personal responsibility",Yes,Canaan and the Land of Ancient Israel,map,William R. Shepherd,1911,"Perry-Castañeda Historical Map Collection (Shepherd, Historical Atlas, 1911)",Public domain — published pre-1929,Yes,https://legacy.lib.utexas.edu/maps/historical/history_shepherd_1911.html,canonical,"Shepherd, William R. Historical Atlas. New York: Henry Holt, 1911. Public domain. Perry-Castañeda Library Map Collection, University of Texas at Austin.",Map of Canaan/ancient Israel used to situate the origins of Judaism.,NO,SSP.06; SSP.01,"Shows the homeland where Judaism developed (Abraham's Canaan, the land of the Israelites); geographic anchor for the faith's origins.",OK
Ancient Israel: c. 2000-500 BCE,6.23,"Identify the importance of Saul as the first king of Israel, David as the second king who founded Jerusalem as the capital, and Solomon as the third king who built the first temple.",Yes,The Kingdom of David and Solomon,map,William R. Shepherd,1911,"Perry-Castañeda Historical Map Collection (Shepherd, Historical Atlas, 1911)",Public domain — published pre-1929,Yes,https://legacy.lib.utexas.edu/maps/historical/history_shepherd_1911.html,canonical,"Shepherd, William R. Historical Atlas. New York: Henry Holt, 1911. Public domain. Perry-Castañeda Library Map Collection, University of Texas at Austin.",Map of the united Israelite kingdom under David and Solomon centered on Jerusalem.,NO,SSP.06; SSP.01,"Shows the united monarchy with Jerusalem as capital, supporting the roles of Saul, David, and Solomon.",OK
Ancient Israel: c. 2000-500 BCE,6.24,"Summarize the breakup of the Kingdom of Israel, Babylonian captivity, and the return of the Jews to their homeland under the Persian Empire.",Yes,The Kingdoms of Israel and Judah and the Persian Empire,map,William R. Shepherd,1911,"Perry-Castañeda Historical Map Collection (Shepherd, Historical Atlas, 1911)",Public domain — published pre-1929,Yes,https://legacy.lib.utexas.edu/maps/historical/history_shepherd_1911.html,canonical,"Shepherd, William R. Historical Atlas. New York: Henry Holt, 1911. Public domain. Perry-Castañeda Library Map Collection, University of Texas at Austin.",Map showing Israel and Judah and the later Persian Empire stretching from Egypt to India.,NO,SSP.06; SSP.01,Shows the divided kingdoms and the extent of the Persian Empire that later allowed the Jews to return; supports the exile-and-return sequence.,OK
Ancient Israel: c. 2000-500 BCE,6.24,"Summarize the breakup of the Kingdom of Israel, Babylonian captivity, and the return of the Jews to their homeland under the Persian Empire.",Yes,The Persian Empire under Darius,map,David Rumsey Map Collection (historical map),1911,David Rumsey Map Collection,CC BY — David Rumsey,Yes,https://www.davidrumsey.com/luna/servlet/allSearch?q=persian+empire+darius+achaemenid,search,"David Rumsey Map Collection, Stanford Libraries. CC BY. The Persian Empire under Darius.",Historical map of the Achaemenid Persian Empire at its greatest extent.,NO,SSP.06; SSP.01,Illustrates the empire that ended the Babylonian captivity and permitted the Jews' return.,OK — attribute (CC BY)
Ancient India: c. 2500-400 BCE,6.25,"Identify and locate geographical features of ancient India, including: Ganges River; Indus River; Himalayan Mountains; Monsoon winds; Indian Ocean; Subcontinent of India",Yes,"Ancient India (Indus and Ganges Rivers, Himalayas)",map,William R. Shepherd,1911,"Perry-Castañeda Historical Map Collection (Shepherd, Historical Atlas, 1911)",Public domain — published pre-1929,Yes,https://legacy.lib.utexas.edu/maps/historical/history_shepherd_1911.html,canonical,"Shepherd, William R. Historical Atlas. New York: Henry Holt, 1911. Public domain. Perry-Castañeda Library Map Collection, University of Texas at Austin.","Map of ancient India showing the Indus and Ganges rivers, the Himalayan wall to the north, and the surrounding ocean.",NO,SSP.06; SSP.01,"Locates required features: Indus and Ganges Rivers, Himalayan Mountains, Indian Ocean, and the Indian subcontinent.",OK
Ancient India: c. 2500-400 BCE,6.25,"Identify and locate geographical features of ancient India, including: Ganges River; Indus River; Himalayan Mountains; Monsoon winds; Indian Ocean; Subcontinent of India",Yes,Map of Ancient India,map,"Library of Congress, Geography & Map Division",1910,Library of Congress Geography & Map Division,Public domain — published pre-1929,Yes,https://www.loc.gov/maps/?q=ancient+india+indus+ganges,search,"Library of Congress, Geography and Map Division, Washington, D.C. Public domain. Map of Ancient India.",Historical map of the Indian subcontinent with its major rivers and mountain border labeled.,NO,SSP.06; SSP.01,"Alternate labeled map for a features-location task, including monsoon-affected coasts.",OK
Ancient India: c. 2500-400 BCE,6.26,"Explain the emergence of the Harappan civilization in the Indus River Valley as an early agricultural civilization, and describe its achievements, including: Architecture built with bricks; Arranging roads into a series of grid-systems; Sanitation and sewer systems",Yes,The Indus Valley (Harappan) Civilization,map,William R. Shepherd,1911,"Perry-Castañeda Historical Map Collection (Shepherd, Historical Atlas, 1911)",Public domain — published pre-1929,Yes,https://legacy.lib.utexas.edu/maps/historical/history_shepherd_1911.html,canonical,"Shepherd, William R. Historical Atlas. New York: Henry Holt, 1911. Public domain. Perry-Castañeda Library Map Collection, University of Texas at Austin.",Map of the Indus River valley marking Harappan civilization sites such as Harappa and Mohenjo-daro.,NO,SSP.06; SSP.01,"Locates Harappa and Mohenjo-daro along the Indus, supporting study of the early planned-city civilization.",OK
Ancient India: c. 2500-400 BCE,6.28,"Describe the origins and central features of Hinduism: Key Person(s): origins in Aryan traditions; Sacred Texts: The Vedas; Basic Beliefs: dharma, karma, reincarnation, and moksha",Yes,Ancient India and the Aryan Settlement of the Ganges Plain,map,William R. Shepherd,1911,"Perry-Castañeda Historical Map Collection (Shepherd, Historical Atlas, 1911)",Public domain — published pre-1929,Yes,https://legacy.lib.utexas.edu/maps/historical/history_shepherd_1911.html,canonical,"Shepherd, William R. Historical Atlas. New York: Henry Holt, 1911. Public domain. Perry-Castañeda Library Map Collection, University of Texas at Austin.",Map of northern India showing the Indo-Gangetic plain associated with Aryan settlement.,NO,SSP.06; SSP.01,Shows the northern plains where Aryan traditions and the Vedas emerged; geographic context for Hinduism's origins.,OK
Ancient India: c. 2500-400 BCE,6.29,"Describe the origins and central features of Buddhism: Key Person(s): Siddhartha Gautama (Buddha); Sacred Texts: Tripitaka; Basic Beliefs: Four Noble Truths, Eightfold Path, Nirvana",Yes,India and the Spread of Buddhism,map,William R. Shepherd,1911,"Perry-Castañeda Historical Map Collection (Shepherd, Historical Atlas, 1911)",Public domain — published pre-1929,Yes,https://legacy.lib.utexas.edu/maps/historical/history_shepherd_1911.html,canonical,"Shepherd, William R. Historical Atlas. New York: Henry Holt, 1911. Public domain. Perry-Castañeda Library Map Collection, University of Texas at Austin.",Map of India and Asia with the birthplace of Buddhism and arrows showing its spread.,NO,SSP.06; SSP.01,Locates the region of Buddhism's origin (Ganges plain) and routes of its later diffusion across Asia.,OK
Ancient India: c. 2500-400 BCE,6.29,"Describe the origins and central features of Buddhism: Key Person(s): Siddhartha Gautama (Buddha); Sacred Texts: Tripitaka; Basic Beliefs: Four Noble Truths, Eightfold Path, Nirvana",Yes,Historical Map of the Spread of Buddhism in Asia,map,David Rumsey Map Collection (historical map),1910,David Rumsey Map Collection,CC BY — David Rumsey,Yes,https://www.davidrumsey.com/luna/servlet/allSearch?q=spread+of+buddhism+asia,search,"David Rumsey Map Collection, Stanford Libraries. CC BY. Historical Map of the Spread of Buddhism in Asia.",Historical map tracing the expansion of Buddhism outward from northern India.,NO,SSP.06; SSP.01,Reinforces the diffusion of Buddhism from India across Eurasia.,OK — attribute (CC BY)
Ancient China: c. 2500 BCE-200 CE,6.31,"Identify and locate geographical features of ancient China, including: Gobi Desert; Plateau of Tibet; Himalayan Mountains; Yangtze River; Pacific Ocean; Yellow River",Yes,"Ancient China (Yellow and Yangtze Rivers, Gobi, Tibet)",map,William R. Shepherd,1911,"Perry-Castañeda Historical Map Collection (Shepherd, Historical Atlas, 1911)",Public domain — published pre-1929,Yes,https://legacy.lib.utexas.edu/maps/historical/history_shepherd_1911.html,canonical,"Shepherd, William R. Historical Atlas. New York: Henry Holt, 1911. Public domain. Perry-Castañeda Library Map Collection, University of Texas at Austin.","Map of ancient China showing the Yellow and Yangtze rivers, the Gobi desert and Tibetan plateau, and the Pacific coast.",NO,SSP.06; SSP.01,"Locates required features: Yellow (Huang He) and Yangtze Rivers, Gobi Desert, Plateau of Tibet, Himalayas, and Pacific Ocean.",OK
Ancient China: c. 2500 BCE-200 CE,6.31,"Identify and locate geographical features of ancient China, including: Gobi Desert; Plateau of Tibet; Himalayan Mountains; Yangtze River; Pacific Ocean; Yellow River",Yes,Map of Ancient China,map,"Library of Congress, Geography & Map Division",1912,Library of Congress Geography & Map Division,Public domain — published pre-1929,Yes,https://www.loc.gov/maps/?q=ancient+china+yellow+river+yangtze,search,"Library of Congress, Geography and Map Division, Washington, D.C. Public domain. Map of Ancient China.",Historical map of China with its two great rivers and northern and western barriers labeled.,NO,SSP.06; SSP.01,Alternate labeled physical map for a features-location exercise.,OK
Ancient China: c. 2500 BCE-200 CE,6.32,"Analyze the influence of geographic features on the origins of ancient Chinese civilization in the Yellow River Valley, and explain how China's geography helped create a unique yet diverse cultural identity that was isolated from the rest of the world.",Yes,The Yellow River Valley and China's Physical Barriers,map,William R. Shepherd,1911,"Perry-Castañeda Historical Map Collection (Shepherd, Historical Atlas, 1911)",Public domain — published pre-1929,Yes,https://legacy.lib.utexas.edu/maps/historical/history_shepherd_1911.html,canonical,"Shepherd, William R. Historical Atlas. New York: Henry Holt, 1911. Public domain. Perry-Castañeda Library Map Collection, University of Texas at Austin.","Physical map of China emphasizing the Yellow River heartland ringed by desert, plateau, mountains, and sea.",NO,SSP.06; SSP.01,"Physical map shows how deserts, mountains, and ocean isolated China and centered civilization on the Yellow River Valley.",OK
Ancient China: c. 2500 BCE-200 CE,6.33,Describe how the size of ancient China made governing difficult and how the concepts of the mandate of heaven and Legalism emerged as solutions to this problem.,Yes,China under the Zhou and Early Dynasties,map,William R. Shepherd,1911,"Perry-Castañeda Historical Map Collection (Shepherd, Historical Atlas, 1911)",Public domain — published pre-1929,Yes,https://legacy.lib.utexas.edu/maps/historical/history_shepherd_1911.html,canonical,"Shepherd, William R. Historical Atlas. New York: Henry Holt, 1911. Public domain. Perry-Castañeda Library Map Collection, University of Texas at Austin.",Map of early dynastic China showing the broad territory of the Zhou realm.,NO,SSP.06; SSP.01,"Shows the large territory that made governing difficult, giving context for the Mandate of Heaven and Legalism.",OK
Ancient China: c. 2500 BCE-200 CE,6.35,"Explain the significance of the unification of ancient China into the first Chinese empire by Qin Shi Huangdi, beginning the Qin Dynasty.",Yes,The Qin Empire — First Unification of China,map,William R. Shepherd,1911,"Perry-Castañeda Historical Map Collection (Shepherd, Historical Atlas, 1911)",Public domain — published pre-1929,Yes,https://legacy.lib.utexas.edu/maps/historical/history_shepherd_1911.html,canonical,"Shepherd, William R. Historical Atlas. New York: Henry Holt, 1911. Public domain. Perry-Castañeda Library Map Collection, University of Texas at Austin.",Map of the Qin empire showing a unified China under its first emperor.,NO,SSP.06; SSP.01,Shows the territory unified by Qin Shi Huangdi into the first Chinese empire.,OK
Ancient China: c. 2500 BCE-200 CE,6.37,"Explain the major accomplishments of the Han Dynasty, including: the magnetic compass, paper making, porcelain, silk, and woodblock printing.",Yes,The Han Empire at Its Height,map,William R. Shepherd,1911,"Perry-Castañeda Historical Map Collection (Shepherd, Historical Atlas, 1911)",Public domain — published pre-1929,Yes,https://legacy.lib.utexas.edu/maps/historical/history_shepherd_1911.html,canonical,"Shepherd, William R. Historical Atlas. New York: Henry Holt, 1911. Public domain. Perry-Castañeda Library Map Collection, University of Texas at Austin.",Map of the Han empire spanning eastern Asia and reaching westward toward Central Asia.,NO,SSP.06; SSP.01,"Shows the extent of Han China, the setting for its major accomplishments and its reach toward Central Asia.",OK
Ancient China: c. 2500 BCE-200 CE,6.38,"Describe how the desire for Chinese goods influenced the creation of The Silk Road and initiated cultural diffusion throughout Eurasia, including the introduction of Buddhism into ancient China.",Yes,The Silk Road Across Eurasia,map,William R. Shepherd,1911,"Perry-Castañeda Historical Map Collection (Shepherd, Historical Atlas, 1911)",Public domain — published pre-1929,Yes,https://legacy.lib.utexas.edu/maps/historical/history_shepherd_1911.html,canonical,"Shepherd, William R. Historical Atlas. New York: Henry Holt, 1911. Public domain. Perry-Castañeda Library Map Collection, University of Texas at Austin.",Map of Eurasia showing Silk Road trade routes running from China through Central Asia to the Mediterranean.,NO,SSP.06; SSP.01,"Traces the overland trade routes linking Han China to Central Asia, Persia, and Rome — the pathway of goods and of Buddhism into China.",OK
Ancient China: c. 2500 BCE-200 CE,6.38,"Describe how the desire for Chinese goods influenced the creation of The Silk Road and initiated cultural diffusion throughout Eurasia, including the introduction of Buddhism into ancient China.",Yes,Historical Map of the Silk Road Trade Routes,map,David Rumsey Map Collection (historical map),1910,David Rumsey Map Collection,CC BY — David Rumsey,Yes,https://www.davidrumsey.com/luna/servlet/allSearch?q=silk+road+trade+routes+eurasia,search,"David Rumsey Map Collection, Stanford Libraries. CC BY. Historical Map of the Silk Road Trade Routes.",Historical map with the network of Silk Road caravan routes across Asia.,NO,SSP.06; SSP.01,Alternate route map for analyzing cultural diffusion along the Silk Road.,OK — attribute (CC BY)
Ancient Greece: c. 800-300 BCE,6.39,"Identify and locate geographical features of ancient Greece, including: Asia Minor; Mediterranean Sea; Athens; Peloponnesian peninsula; Macedonia; Sparta",Yes,"Ancient Greece (Athens, Sparta, Peloponnese, Macedonia)",map,William R. Shepherd,1911,"Perry-Castañeda Historical Map Collection (Shepherd, Historical Atlas, 1911)",Public domain — published pre-1929,Yes,https://legacy.lib.utexas.edu/maps/historical/history_shepherd_1911.html,canonical,"Shepherd, William R. Historical Atlas. New York: Henry Holt, 1911. Public domain. Perry-Castañeda Library Map Collection, University of Texas at Austin.","Map of ancient Greece showing Athens, Sparta on the Peloponnese, Macedonia to the north, and Asia Minor across the Aegean.",NO,SSP.06; SSP.01,"Locates required features: Athens, Sparta, the Peloponnesian peninsula, Macedonia, Asia Minor, and the Mediterranean Sea.",OK
Ancient Greece: c. 800-300 BCE,6.39,"Identify and locate geographical features of ancient Greece, including: Asia Minor; Mediterranean Sea; Athens; Peloponnesian peninsula; Macedonia; Sparta",Yes,Map of Ancient Greece,map,"Library of Congress, Geography & Map Division",1910,Library of Congress Geography & Map Division,Public domain — published pre-1929,Yes,https://www.loc.gov/maps/?q=ancient+greece+athens+sparta,search,"Library of Congress, Geography and Map Division, Washington, D.C. Public domain. Map of Ancient Greece.",Historical map of the Greek world with major city-states and regions labeled.,NO,SSP.06; SSP.01,Alternate labeled map for a features-location task.,OK
Ancient Greece: c. 800-300 BCE,6.40,"Analyze how the geographical features of ancient Greece, including its mountainous terrain and access to the Mediterranean Sea, contributed to its organization into city-states, role in maritime trade, and colonies in the Mediterranean.",Yes,Greek and Phoenician Colonization of the Mediterranean,map,William R. Shepherd,1911,"Perry-Castañeda Historical Map Collection (Shepherd, Historical Atlas, 1911)",Public domain — published pre-1929,Yes,https://legacy.lib.utexas.edu/maps/historical/history_shepherd_1911.html,canonical,"Shepherd, William R. Historical Atlas. New York: Henry Holt, 1911. Public domain. Perry-Castañeda Library Map Collection, University of Texas at Austin.",Map of the Mediterranean marking Greek colonies spread along the coasts from Spain to the Black Sea.,NO,SSP.06; SSP.01,"Shows how mountainous terrain and sea access produced city-states, maritime trade, and colonies ringing the Mediterranean and Black Sea.",OK
Ancient Greece: c. 800-300 BCE,6.43,"Explain the characteristics of the major Greek city-states of Athens and Sparta, including: Advantages of each geographic location; Status of women; Approaches to education; Styles of government; Practice of slavery",Yes,"Athens, Sparta, and the Greek City-States",map,William R. Shepherd,1911,"Perry-Castañeda Historical Map Collection (Shepherd, Historical Atlas, 1911)",Public domain — published pre-1929,Yes,https://legacy.lib.utexas.edu/maps/historical/history_shepherd_1911.html,canonical,"Shepherd, William R. Historical Atlas. New York: Henry Holt, 1911. Public domain. Perry-Castañeda Library Map Collection, University of Texas at Austin.",Map of Greece highlighting Athens in Attica and Sparta in the southern Peloponnese.,NO,SSP.06; SSP.01,"Shows the contrasting locations of Athens (Attica, coastal/trade) and Sparta (inland Peloponnese) for the compare-and-contrast task.",OK
Ancient Greece: c. 800-300 BCE,6.44,"Analyze the causes and consequences of the Persian Wars, including the role of Athens and its cooperation with Sparta to defend the Greek city-states.",Yes,"The Persian Wars (Marathon, Thermopylae, Salamis)",map,William R. Shepherd,1911,"Perry-Castañeda Historical Map Collection (Shepherd, Historical Atlas, 1911)",Public domain — published pre-1929,Yes,https://legacy.lib.utexas.edu/maps/historical/history_shepherd_1911.html,canonical,"Shepherd, William R. Historical Atlas. New York: Henry Holt, 1911. Public domain. Perry-Castañeda Library Map Collection, University of Texas at Austin.",Map of the Persian Wars showing invasion routes into Greece and key battle sites.,NO,SSP.06; SSP.01,Shows the Persian invasion routes and battle sites where Athens and Sparta cooperated to defend Greece.,OK
Ancient Greece: c. 800-300 BCE,6.45,"Analyze the causes and consequences of the Peloponnesian Wars, including how the growing political conflict between Athens and Sparta led to war and left the city-states open to conquest by the Macedonians.",Yes,Greece during the Peloponnesian War (Delian vs. Peloponnesian League),map,William R. Shepherd,1911,"Perry-Castañeda Historical Map Collection (Shepherd, Historical Atlas, 1911)",Public domain — published pre-1929,Yes,https://legacy.lib.utexas.edu/maps/historical/history_shepherd_1911.html,canonical,"Shepherd, William R. Historical Atlas. New York: Henry Holt, 1911. Public domain. Perry-Castañeda Library Map Collection, University of Texas at Austin.",Map of Greece color-coded into Athenian and Spartan alliance systems during the Peloponnesian War.,NO,SSP.06; SSP.01,Shows the alliance blocs led by Athens and Sparta whose conflict left Greece open to Macedonian conquest.,OK
Ancient Greece: c. 800-300 BCE,6.49,"Describe the purposes of major Greek architecture, including the Parthenon and the Acropolis.",Yes,Plan of Ancient Athens and the Acropolis,map,Perry-Castañeda Library Map Collection (historical atlas facsimiles),1911,Perry-Castañeda Historical Map Collection,Public domain — published pre-1929,Yes,https://legacy.lib.utexas.edu/maps/historical/history_ancient.html,canonical,"Perry-Castañeda Library Map Collection, University of Texas at Austin (public-domain historical map). Plan of Ancient Athens and the Acropolis.",Plan of ancient Athens showing the Acropolis hill crowned by the Parthenon.,NO,SSP.06; SSP.01,"City plan locates the Acropolis and Parthenon within Athens, grounding the architecture discussion in place.",OK
Ancient Greece: c. 800-300 BCE,6.50,"Explain the unification of the Greek city-states by Macedonia, and analyze the impact of Alexander the Great and the diffusion of Hellenistic culture.",Yes,The Empire of Alexander the Great and the Hellenistic Kingdoms,map,William R. Shepherd,1911,"Perry-Castañeda Historical Map Collection (Shepherd, Historical Atlas, 1911)",Public domain — published pre-1929,Yes,https://legacy.lib.utexas.edu/maps/historical/history_shepherd_1911.html,canonical,"Shepherd, William R. Historical Atlas. New York: Henry Holt, 1911. Public domain. Perry-Castañeda Library Map Collection, University of Texas at Austin.","Map of Alexander's empire stretching from Macedonia through Persia to the Indus, with his route marked.",NO,SSP.06; SSP.01,Shows Alexander's conquests from Greece to India and the successor kingdoms that spread Hellenistic culture.,OK
Ancient Greece: c. 800-300 BCE,6.50,"Explain the unification of the Greek city-states by Macedonia, and analyze the impact of Alexander the Great and the diffusion of Hellenistic culture.",Yes,Empire of Alexander the Great,map,David Rumsey Map Collection (historical map),1911,David Rumsey Map Collection,CC BY — David Rumsey,Yes,https://www.davidrumsey.com/luna/servlet/allSearch?q=empire+alexander+the+great+hellenistic,search,"David Rumsey Map Collection, Stanford Libraries. CC BY. Empire of Alexander the Great.",Historical map of Alexander's empire and campaign route.,NO,SSP.06; SSP.01,Alternate conquest map for tracing Hellenistic diffusion.,OK — attribute (CC BY)
Ancient Rome: c. 500 BCE-500 CE,6.51,"Identify and locate the geographical features of ancient Rome, including: Constantinople; Mediterranean Sea; Italian Alps; Rome; Italian Peninsula; Tiber River",Yes,"Ancient Italy and Rome (Tiber, Italian Alps, Peninsula)",map,William R. Shepherd,1911,"Perry-Castañeda Historical Map Collection (Shepherd, Historical Atlas, 1911)",Public domain — published pre-1929,Yes,https://legacy.lib.utexas.edu/maps/historical/history_shepherd_1911.html,canonical,"Shepherd, William R. Historical Atlas. New York: Henry Holt, 1911. Public domain. Perry-Castañeda Library Map Collection, University of Texas at Austin.","Map of ancient Italy showing Rome on the Tiber, the Alps to the north, and the peninsula in the Mediterranean.",NO,SSP.06; SSP.01,"Locates required features: Rome, the Tiber River, the Italian Alps, the Italian Peninsula, the Mediterranean Sea, and Constantinople.",OK
Ancient Rome: c. 500 BCE-500 CE,6.51,"Identify and locate the geographical features of ancient Rome, including: Constantinople; Mediterranean Sea; Italian Alps; Rome; Italian Peninsula; Tiber River",Yes,Map of Ancient Italy,map,"Library of Congress, Geography & Map Division",1910,Library of Congress Geography & Map Division,Public domain — published pre-1929,Yes,https://www.loc.gov/maps/?q=ancient+italy+rome+tiber,search,"Library of Congress, Geography and Map Division, Washington, D.C. Public domain. Map of Ancient Italy.",Historical map of the Italian peninsula with Rome and the Tiber labeled.,NO,SSP.06; SSP.01,Alternate labeled map for a features-location task.,OK
Ancient Rome: c. 500 BCE-500 CE,6.52,Analyze how the geographical location of ancient Rome contributed to its political and economic growth in the Mediterranean region and beyond.,Yes,Rome and the Mediterranean World,map,William R. Shepherd,1911,"Perry-Castañeda Historical Map Collection (Shepherd, Historical Atlas, 1911)",Public domain — published pre-1929,Yes,https://legacy.lib.utexas.edu/maps/historical/history_shepherd_1911.html,canonical,"Shepherd, William R. Historical Atlas. New York: Henry Holt, 1911. Public domain. Perry-Castañeda Library Map Collection, University of Texas at Austin.",Map centering Italy in the Mediterranean to show Rome's strategic maritime position.,NO,SSP.06; SSP.01,Shows Rome's central Mediterranean position that fueled its political and economic expansion.,OK
Ancient Rome: c. 500 BCE-500 CE,6.55,"Describe the characteristics of Julius Caesar's rule, including: Leadership in the military; Popularity amongst plebeians; Role as dictator for life; Assassination",Yes,The Roman Republic and Caesar's Conquest of Gaul,map,William R. Shepherd,1911,"Perry-Castañeda Historical Map Collection (Shepherd, Historical Atlas, 1911)",Public domain — published pre-1929,Yes,https://legacy.lib.utexas.edu/maps/historical/history_shepherd_1911.html,canonical,"Shepherd, William R. Historical Atlas. New York: Henry Holt, 1911. Public domain. Perry-Castañeda Library Map Collection, University of Texas at Austin.","Map of the late Roman Republic highlighting Gaul, conquered under Julius Caesar.",NO,SSP.06; SSP.01,"Shows the late Republic's expansion, including Caesar's Gallic conquests that built his military reputation.",OK
Ancient Rome: c. 500 BCE-500 CE,6.56,"Analyze the influence of Augustus Caesar, including the establishment of the Roman Empire and its political, geographic, and economic expansion during the Pax Romana.",Yes,The Roman Empire under Augustus / at Its Greatest Extent,map,William R. Shepherd,1911,"Perry-Castañeda Historical Map Collection (Shepherd, Historical Atlas, 1911)",Public domain — published pre-1929,Yes,https://legacy.lib.utexas.edu/maps/historical/history_shepherd_1911.html,canonical,"Shepherd, William R. Historical Atlas. New York: Henry Holt, 1911. Public domain. Perry-Castañeda Library Map Collection, University of Texas at Austin.",Map of the Roman Empire around the Mediterranean at its height under Augustus.,NO,SSP.06; SSP.01,Shows the empire Augustus established and the territorial reach maintained during the Pax Romana.,OK
Ancient Rome: c. 500 BCE-500 CE,6.56,"Analyze the influence of Augustus Caesar, including the establishment of the Roman Empire and its political, geographic, and economic expansion during the Pax Romana.",Yes,The Roman Empire at Its Greatest Extent,map,David Rumsey Map Collection (historical map),1910,David Rumsey Map Collection,CC BY — David Rumsey,Yes,https://www.davidrumsey.com/luna/servlet/allSearch?q=roman+empire+greatest+extent+trajan,search,"David Rumsey Map Collection, Stanford Libraries. CC BY. The Roman Empire at Its Greatest Extent.",Historical map of the Roman Empire ringing the entire Mediterranean.,NO,SSP.06; SSP.01,Alternate empire map for the Pax Romana discussion.,OK — attribute (CC BY)
Ancient Rome: c. 500 BCE-500 CE,6.57,"Analyze how innovations in engineering and architecture contributed to Roman expansion, including the role of: Aqueducts; Arches; Bridges; The Colosseum; Domes; Roads; Sanitation",Yes,Roman Roads of the Empire,map,William R. Shepherd,1911,"Perry-Castañeda Historical Map Collection (Shepherd, Historical Atlas, 1911)",Public domain — published pre-1929,Yes,https://legacy.lib.utexas.edu/maps/historical/history_shepherd_1911.html,canonical,"Shepherd, William R. Historical Atlas. New York: Henry Holt, 1911. Public domain. Perry-Castañeda Library Map Collection, University of Texas at Austin.",Map of the Roman Empire overlaid with its network of major roads radiating from Rome.,NO,SSP.06; SSP.01,"Shows the road network that knit the empire together, supporting the engineering-and-expansion theme (roads, bridges, aqueducts).",OK
Ancient Rome: c. 500 BCE-500 CE,6.57,"Analyze how innovations in engineering and architecture contributed to Roman expansion, including the role of: Aqueducts; Arches; Bridges; The Colosseum; Domes; Roads; Sanitation",Yes,Plan of the City of Rome (Aqueducts and Public Works),map,Perry-Castañeda Library Map Collection (historical atlas facsimiles),1911,Perry-Castañeda Historical Map Collection,Public domain — published pre-1929,Yes,https://legacy.lib.utexas.edu/maps/historical/history_ancient.html,canonical,"Perry-Castañeda Library Map Collection, University of Texas at Austin (public-domain historical map). Plan of the City of Rome (Aqueducts and Public Works).",Plan of ancient Rome showing aqueduct lines and monuments such as the Colosseum.,NO,SSP.06; SSP.01,"City plan locates aqueducts, the Colosseum, and public works to anchor the engineering achievements.",OK
Ancient Rome: c. 500 BCE-500 CE,6.59,"Describe the origins and central features of Christianity: Key Person(s) Jesus, Paul; Sacred Texts: The Bible; Basic Beliefs: monotheism, sin and forgiveness, eternal life, Jesus as the Messiah",Yes,The Spread of Christianity in the Roman Empire,map,William R. Shepherd,1911,"Perry-Castañeda Historical Map Collection (Shepherd, Historical Atlas, 1911)",Public domain — published pre-1929,Yes,https://legacy.lib.utexas.edu/maps/historical/history_shepherd_1911.html,canonical,"Shepherd, William R. Historical Atlas. New York: Henry Holt, 1911. Public domain. Perry-Castañeda Library Map Collection, University of Texas at Austin.",Map of the Roman Empire showing early Christian communities spreading from Judea outward.,NO,SSP.06; SSP.01,"Shows Christianity's origin in Roman Judea and its diffusion across the empire (e.g., Paul's journeys).",OK
Ancient Rome: c. 500 BCE-500 CE,6.59,"Describe the origins and central features of Christianity: Key Person(s) Jesus, Paul; Sacred Texts: The Bible; Basic Beliefs: monotheism, sin and forgiveness, eternal life, Jesus as the Messiah",Yes,Map of the Journeys of Paul / Early Christianity,map,David Rumsey Map Collection (historical map),1900,David Rumsey Map Collection,CC BY — David Rumsey,Yes,https://www.davidrumsey.com/luna/servlet/allSearch?q=journeys+of+paul+early+christianity+roman+empire,search,"David Rumsey Map Collection, Stanford Libraries. CC BY. Map of the Journeys of Paul / Early Christianity.",Historical map tracing Paul's missionary journeys across the eastern Mediterranean.,NO,SSP.06; SSP.01,Route map reinforcing the spread of early Christianity.,OK — attribute (CC BY)
Ancient Rome: c. 500 BCE-500 CE,6.60,"Explain the expulsion of the Jews from their homeland by the Romans, which began the Jewish diaspora.",Yes,Roman Judea and the Jewish Diaspora,map,William R. Shepherd,1911,"Perry-Castañeda Historical Map Collection (Shepherd, Historical Atlas, 1911)",Public domain — published pre-1929,Yes,https://legacy.lib.utexas.edu/maps/historical/history_shepherd_1911.html,canonical,"Shepherd, William R. Historical Atlas. New York: Henry Holt, 1911. Public domain. Perry-Castañeda Library Map Collection, University of Texas at Austin.",Map showing Roman Judea and arrows of the Jewish diaspora spreading across the empire.,NO,SSP.06; SSP.01,Shows Judea under Rome and the dispersal of Jews across the Mediterranean after expulsion.,OK
Ancient Rome: c. 500 BCE-500 CE,6.61,"Explain the division of the Roman Empire into East and West, and identify the later establishment of Constantinople as the capital by Constantine.",Yes,The Division of the Roman Empire into East and West,map,William R. Shepherd,1911,"Perry-Castañeda Historical Map Collection (Shepherd, Historical Atlas, 1911)",Public domain — published pre-1929,Yes,https://legacy.lib.utexas.edu/maps/historical/history_shepherd_1911.html,canonical,"Shepherd, William R. Historical Atlas. New York: Henry Holt, 1911. Public domain. Perry-Castañeda Library Map Collection, University of Texas at Austin.",Map of the Roman Empire divided into western and eastern halves with Constantinople marked.,NO,SSP.06; SSP.01,Shows the East-West split and Constantinople as the new eastern capital established by Constantine.,OK
Ancient Rome: c. 500 BCE-500 CE,6.62,"Analyze the fall of the Western Roman Empire, including difficulty governing its large territory, political corruption, economic instability, and attacks by Germanic tribes, and identify the continuation of the Eastern Roman Empire as the Byzantine Empire.",Yes,The Germanic Migrations and the Fall of the Western Roman Empire,map,William R. Shepherd,1911,"Perry-Castañeda Historical Map Collection (Shepherd, Historical Atlas, 1911)",Public domain — published pre-1929,Yes,https://legacy.lib.utexas.edu/maps/historical/history_shepherd_1911.html,canonical,"Shepherd, William R. Historical Atlas. New York: Henry Holt, 1911. Public domain. Perry-Castañeda Library Map Collection, University of Texas at Austin.",Map of Europe with Germanic migration arrows breaching the western empire while the east survives as Byzantium.,NO,SSP.06; SSP.01,Shows the barbarian invasion routes into the western empire and the surviving Eastern (Byzantine) Empire.,OK
Ancient Rome: c. 500 BCE-500 CE,6.62,"Analyze the fall of the Western Roman Empire, including difficulty governing its large territory, political corruption, economic instability, and attacks by Germanic tribes, and identify the continuation of the Eastern Roman Empire as the Byzantine Empire.",Yes,Barbarian Invasions of the Roman Empire,map,David Rumsey Map Collection (historical map),1910,David Rumsey Map Collection,CC BY — David Rumsey,Yes,https://www.davidrumsey.com/luna/servlet/allSearch?q=barbarian+invasions+fall+roman+empire+migrations,search,"David Rumsey Map Collection, Stanford Libraries. CC BY. Barbarian Invasions of the Roman Empire.",Historical map of Germanic and other invasions overrunning the western Roman Empire.,NO,SSP.06; SSP.01,Alternate invasion-route map for analyzing the fall of the West.,OK — attribute (CC BY)
