Unit / Cluster,Standard,Standard Text,Chart Title,Chart Type,What the Chart Shows,Data Source,Data Source URL,Data Rights,Commercial OK?,Citation,Schedule F (SSP),Build Note,Guardrail Check
Colonization (1607-1750),8.01,"Explain the founding and development of Jamestown as the first permanent English colony, its early struggles, the economic and political structure, and role of the Powhatan people.","Growth of the Virginia Colony, 1610-1780",line,Line chart showing the estimated population of the Virginia colony climbing from a few hundred settlers around 1610 to several hundred thousand by 1780.,"Historical Statistics of the United States, Series Z 1-19 (Estimated population of American Colonies: Virginia)",https://www.census.gov/library/publications/1975/compendia/hist_stats_colonial-1970.html,Public domain (U.S. federal government work),Yes,"U.S. Bureau of the Census, Historical Statistics of the United States, Colonial Times to 1970 (Washington, DC: GPO, 1975), Series Z 1-19.",SSP.01; SSP.02,Grounds Jamestown's early struggles vs. later stability in real colonial population estimates. Y-axis best shown on a log scale to reveal early survival crisis.,OK
Colonization (1607-1750),8.08,"Locate and identify the Thirteen Colonies, and describe how their location and geographic features influenced regional economic development.","Population of the Thirteen Colonies by Region, 1650-1770",stacked_bar,"Stacked bar chart of colonial population at 1650, 1700, 1750, and 1770, grouped into New England, Middle, and Southern colonies.","Historical Statistics of the United States, Series Z 1-19 (Estimated population of the American Colonies, by colony)",https://www.census.gov/library/publications/1975/compendia/hist_stats_colonial-1970.html,Public domain (U.S. federal government work),Yes,"U.S. Bureau of the Census, Historical Statistics of the United States, Colonial Times to 1970 (Washington, DC: GPO, 1975), Series Z 1-19.",SSP.01; SSP.02; SSP.06,Regroup the per-colony Z-series into New England / Middle / Southern to connect geography to regional economic development.,OK
Colonization (1607-1750),8.10,"Identify the origins and development of slavery in the colonies, overt and passive resistance to enslavement, and the Middle Passage.","Volume of the Transatlantic Slave Trade by Decade, 1601-1800",bar,"Bar chart of the estimated number of enslaved Africans embarked on transatlantic voyages per decade from 1601 to 1800, peaking in the 18th century.","Trans-Atlantic Slave Trade Database — captives embarked, aggregated by decade (Estimates dashboard)",https://ourworldindata.org/grapher/slave-trade-atlantic,CC BY — Our World in Data,Yes,"Slave Voyages, Trans-Atlantic Slave Trade Database, https://www.slavevoyages.org (accessed 2026).",SSP.01; SSP.02,Slave Voyages is an .edu-affiliated academic dataset (Emory/Rice). Cite database and note it is estimate-based; confirm educational-use terms before redistribution.,OK
Colonization (1607-1750),8.10,"Identify the origins and development of slavery in the colonies, overt and passive resistance to enslavement, and the Middle Passage.","Where Captives of the Middle Passage Arrived, by Region",bar,"Horizontal bar chart comparing the estimated number of enslaved Africans disembarked in mainland North America versus the Caribbean and South America, showing North America received a small share.","Trans-Atlantic Slave Trade Database — captives disembarked by broad region of arrival (Mainland North America, Caribbean, Brazil, etc.)",https://ourworldindata.org/grapher/slave-trade-atlantic,CC BY — Our World in Data,Yes,"Slave Voyages, Trans-Atlantic Slave Trade Database, https://www.slavevoyages.org (accessed 2026).",SSP.01; SSP.02; SSP.06,Contextualizes the scale of the Middle Passage and corrects the common overestimate of arrivals in what became the U.S. Academic dataset; note estimate basis.,OK
The New Nation (1775-1800),8.28,Identify how westward expansion led to the statehood of Tennessee and the importance of the first state constitution (1796). (T.C.A. § 49-6-1028),"Tennessee Population Growth, 1790-1860",line,"Line chart of Tennessee's population at each census from 1790 to 1860, rising steeply as westward settlement accelerated after statehood in 1796.","Historical Statistics of the United States, Series A 195-209 (Population of states); decennial census counts for Tennessee",https://www.census.gov/library/publications/1975/compendia/hist_stats_colonial-1970.html,Public domain (U.S. federal government work),Yes,"U.S. Bureau of the Census, Historical Statistics of the United States, Colonial Times to 1970 (Washington, DC: GPO, 1975), Series A 195-209.",SSP.01; SSP.02,Ties westward expansion and 1796 statehood to concrete population growth for the home-state standard.,OK
Sectionalism and Reform (1790s-1850s),8.34,"Describe the development of the agrarian economy in the South, the locations of the cotton-producing states, the significance of cotton and the cotton gin, and the founding of Memphis as a center for cotton and the slave trade.","U.S. Cotton Production, 1790-1860",line,"Line chart of U.S. cotton production in bales from 1790 to 1860, rising sharply after the cotton gin toward roughly four million bales by 1860.","Historical Statistics of the United States, Series K 550-563 (Cotton — acreage, production, and price)",https://www.census.gov/library/publications/1975/compendia/hist_stats_colonial-1970.html,Public domain (U.S. federal government work),Yes,"U.S. Bureau of the Census, Historical Statistics of the United States, Colonial Times to 1970 (Washington, DC: GPO, 1975), Series K 550-563.",SSP.01; SSP.02; SSP.04,Directly supports cotton gin cause-and-effect; annotate 1793 (Whitney's gin) to show the inflection.,OK
Sectionalism and Reform (1790s-1850s),8.34,"Describe the development of the agrarian economy in the South, the locations of the cotton-producing states, the significance of cotton and the cotton gin, and the founding of Memphis as a center for cotton and the slave trade.","Cotton as a Share of U.S. Exports, 1815-1860",area,"Area chart showing raw cotton's value as a share of total U.S. exports from 1815 to 1860, hovering around half of all export value.","Historical Statistics of the United States, Series U 274-294 (Value of exports of selected commodities, incl. raw cotton) and total merchandise exports",https://www.census.gov/library/publications/1975/compendia/hist_stats_colonial-1970.html,Public domain (U.S. federal government work),Yes,"U.S. Bureau of the Census, Historical Statistics of the United States, Colonial Times to 1970 (Washington, DC: GPO, 1975), Series U 274-294.",SSP.01; SSP.02; SSP.04,Shows why cotton dominated the antebellum economy; Memphis as a cotton/slave-trade hub follows from this national dependence.,OK
Sectionalism and Reform (1790s-1850s),8.35,Analyze the characteristics of Southern society and its influence on the social and political conditions prior to the Civil War.,"Enslaved Population by Southern State, 1860",bar,"Bar chart ranking Southern states by number of enslaved people in 1860, led by Virginia, Georgia, Mississippi, Alabama, and South Carolina.","Population of the United States in 1860 (Eighth Census), slave population tables by state",https://www.census.gov/library/publications/1864/dec/1860a.html,Public domain (U.S. federal government work),Yes,"U.S. Census Office, Population of the United States in 1860: Eighth Census (Washington, DC: GPO, 1864).",SSP.01; SSP.02; SSP.06,Anchors 'Southern society' in official 1860 census counts; can add enslaved share of each state's total population as a second series.,OK
Sectionalism and Reform (1790s-1850s),8.36,"Identify the conditions of enslavement, and explain how slaves adapted to and resisted bondage in their daily lives, including Nat Turner's revolt.","Growth of the Enslaved Population in the United States, 1790-1860",line,"Line chart of the total enslaved population of the United States at each census from 1790 to 1860, rising from under 700,000 to roughly four million.","Historical Statistics of the United States, Series A 91-104 (Population, by race and status: free and enslaved), decennial 1790-1860",https://www.census.gov/library/publications/1975/compendia/hist_stats_colonial-1970.html,Public domain (U.S. federal government work),Yes,"U.S. Bureau of the Census, Historical Statistics of the United States, Colonial Times to 1970 (Washington, DC: GPO, 1975), Series A 91-104.",SSP.01; SSP.02,"After the 1808 import ban, growth reflects natural increase within the U.S. — a key point for conditions of enslavement.",OK
Sectionalism and Reform (1790s-1850s),8.37,"Explain the development of the American Industrial Revolution, including:
• Eli Whitney and interchangeable parts
• Emergence of trade unions
• Lowell System
• Role of the textile industry
• Samuel Slater","Rise of the U.S. Cotton Textile Industry, 1810-1860",line,"Line chart of active cotton-spinning spindles in U.S. textile mills from 1810 to 1860, climbing rapidly as the Lowell System spread.","Historical Statistics of the United States, Series P 265-277 (Cotton consumed and cotton-spinning spindles in place)",https://www.census.gov/library/publications/1975/compendia/hist_stats_colonial-1970.html,Public domain (U.S. federal government work),Yes,"U.S. Bureau of the Census, Historical Statistics of the United States, Colonial Times to 1970 (Washington, DC: GPO, 1975), Series P 265-277.",SSP.01; SSP.02; SSP.04,Quantifies the textile industry and Lowell/Slater factory system central to the American Industrial Revolution standard.,OK
Sectionalism and Reform (1790s-1850s),8.38,Describe how technological developments affected the growth of the industrial economy and cities in the North.,"Growth of Northern Cities, 1790-1860",line,"Line chart comparing the populations of New York, Philadelphia, and Boston at each census from 1790 to 1860, all rising steeply.","U.S. Census Bureau, Population of the 100 Largest Urban Places, 1790-1990 (New York, Philadelphia, Boston)",https://www.census.gov/library/working-papers/1998/demo/POP-twps0027.html,Public domain (U.S. federal government work),Yes,"Campbell Gibson, Population of the 100 Largest Cities and Other Urban Places in the United States: 1790 to 1990, U.S. Census Bureau Working Paper No. 27 (1998).",SSP.01; SSP.02; SSP.06,Links industrial/technological growth to Northern urbanization using an official Census historical-cities table.,OK
Sectionalism and Reform (1790s-1850s),8.39,"Identify the push-pull factors for Irish and German immigrants, and describe the impact of their arrival in the U.S. prior to the Civil War.","Irish and German Immigration to the U.S., 1820-1860",line,"Two-line chart of annual immigration from Ireland and from the German states, 1820-1860, both surging in the late 1840s and 1850s.","Historical Statistics of the United States, Series C 89-119 (Immigrants, by country of last residence — Ireland and Germany)",https://www.census.gov/library/publications/1975/compendia/hist_stats_colonial-1970.html,Public domain (U.S. federal government work),Yes,"U.S. Bureau of the Census, Historical Statistics of the United States, Colonial Times to 1970 (Washington, DC: GPO, 1975), Series C 89-119.",SSP.01; SSP.02; SSP.04,Annotate the Irish Potato Famine (1845-52) and 1848 German revolutions as push factors driving the visible spikes.,OK
Sectionalism and Reform (1790s-1850s),8.40,"Analyze the development of roads, canals, railroads, and steamboats throughout the U.S., including the Erie Canal and the National Road.","U.S. Railroad Mileage in Operation, 1830-1860",line,"Line chart of total miles of railroad in operation in the United States from 1830 to 1860, rising from a few dozen miles to about 30,000.","Historical Statistics of the United States, Series Q 321-328 (Railroad mileage operated)",https://www.census.gov/library/publications/1975/compendia/hist_stats_colonial-1970.html,Public domain (U.S. federal government work),Yes,"U.S. Bureau of the Census, Historical Statistics of the United States, Colonial Times to 1970 (Washington, DC: GPO, 1975), Series Q 321-328.",SSP.01; SSP.02; SSP.06,Supports the transportation-revolution standard; can pair with canal mileage from the same volume.,OK
Expansion and Division of the Nation (1820s-1860s),8.49,"Analyze the concept of Manifest Destiny and its impact on the development of the nation, and describe the economic incentives for westward expansion.",Territorial Growth of the United States by Acquisition,bar,"Bar chart comparing land area in square miles added by each U.S. territorial acquisition, with the Louisiana Purchase and Mexican Cession largest.","Historical Statistics of the United States, Series J 1-16 (Area acquired by the United States, by accession — Louisiana Purchase, Florida/Adams-Onis, Texas Annexation, Oregon, Mexican Cession, Gadsden Purchase)",https://www.census.gov/library/publications/1975/compendia/hist_stats_colonial-1970.html,Public domain (U.S. federal government work),Yes,"U.S. Bureau of the Census, Historical Statistics of the United States, Colonial Times to 1970 (Washington, DC: GPO, 1975), Series J 1-16.",SSP.01; SSP.02; SSP.06,"Quantifies Manifest Destiny; each bar maps to a later expansion standard (8.30, 8.32, 8.53, 8.54, 8.57).",OK
Expansion and Division of the Nation (1820s-1860s),8.50,"Explain the reasons for and the provisions of the Missouri Compromise (i.e., Compromise of 1820) and its impact on expansion.","Balance of Free and Slave States, 1789-1860",step,"Step chart tracking the running count of free versus slave states from 1789 to 1860, showing the deliberate one-for-one balance around the Missouri Compromise.",Dates and free/slave status of state admissions (public statutory record); cross-checked with Historical Statistics population-by-state series,https://www.census.gov/library/publications/1975/compendia/hist_stats_colonial-1970.html,Public domain (U.S. federal government work / public record),Yes,"Compiled from U.S. state admission acts (public record) and U.S. Bureau of the Census, Historical Statistics of the United States, Colonial Times to 1970 (1975).",SSP.01; SSP.02; SSP.04,Counts are derived from the public statutory record of admissions (not invented figures); mark 1820 Missouri/Maine and the paired admissions that followed.,OK
Expansion and Division of the Nation (1820s-1860s),8.55,"Analyze the discovery of gold in California, its social and economic impact on the U.S., and the major migratory movement (including the forty-niners and Asian immigrants).","U.S. Gold Production During the Rush, 1847-1860",bar,"Bar chart of the annual value of U.S. gold production from 1847 to 1860, jumping sharply after the 1848 California discovery.","Historical Statistics of the United States, Series M 270-283 (Gold production, value)",https://www.census.gov/library/publications/1975/compendia/hist_stats_colonial-1970.html,Public domain (U.S. federal government work),Yes,"U.S. Bureau of the Census, Historical Statistics of the United States, Colonial Times to 1970 (Washington, DC: GPO, 1975), Series M 270-283.",SSP.01; SSP.02; SSP.04,Can pair with California's 1850 vs 1860 census population to show migration alongside output.,OK
The Civil War (1860-1865),8.61,"Describe the election of 1860 and its candidates (i.e., John Bell, Stephen Douglas, Abraham Lincoln, and John Breckinridge), and analyze how the campaigns reflected sectional turmoil in the country.",The Election of 1860: Popular Vote by Candidate,bar,"Bar chart of the 1860 popular vote for Lincoln, Douglas, Breckinridge, and Bell, showing Lincoln's plurality despite a divided field.","Historical Statistics of the United States, Series Y 27-78 (Popular vote cast for President, by party — 1860: Lincoln, Douglas, Breckinridge, Bell)",https://www.census.gov/library/publications/1975/compendia/hist_stats_colonial-1970.html,Public domain (U.S. federal government work),Yes,"U.S. Bureau of the Census, Historical Statistics of the United States, Colonial Times to 1970 (Washington, DC: GPO, 1975), Series Y 27-78.",SSP.01; SSP.02,A second small-multiple by region makes the sectional split explicit (Lincoln absent from most Southern ballots).,OK
The Civil War (1860-1865),8.62,"Describe the outbreak of the Civil War and the resulting sectional differences, including:
• Economic, geographic, and technological advances
• Military strategies
• Roles of President Abraham Lincoln and Jefferson Davis
• Significance of Fort Sumter
• Geographical divisions within states",Union vs. Confederacy: Population in 1860,grouped_bar,"Grouped bar chart comparing Union and Confederate 1860 populations, split into free and enslaved, showing the Union's large free-population advantage.","Population of the United States in 1860 (Eighth Census) — free and enslaved population by state, aggregated to Union vs Confederate states",https://www.census.gov/library/publications/1864/dec/1860a.html,Public domain (U.S. federal government work),Yes,"U.S. Census Office, Population of the United States in 1860: Eighth Census (Washington, DC: GPO, 1864).",SSP.01; SSP.02; SSP.06,Core Union-vs-Confederacy resource comparison; the free/enslaved split explains the Confederate manpower problem.,OK
The Civil War (1860-1865),8.62,"Describe the outbreak of the Civil War and the resulting sectional differences, including:
• Economic, geographic, and technological advances
• Military strategies
• Roles of President Abraham Lincoln and Jefferson Davis
• Significance of Fort Sumter
• Geographical divisions within states","Union vs. Confederacy: Railroad Mileage and Industry, 1860",grouped_bar,"Grouped bar chart contrasting Union and Confederate shares of 1860 railroad mileage, factories, and value of manufactured goods, dominated by the Union.","Eighth Census (1860): Manufactures of the United States and railroad statistics — value of manufactures, factories, and rail mileage by state, aggregated Union vs Confederate",https://www.census.gov/library/publications/1865/dec/1860c.html,Public domain (U.S. federal government work),Yes,"U.S. Census Office, Manufactures of the United States in 1860 (Eighth Census) (Washington, DC: GPO, 1865).",SSP.01; SSP.02; SSP.06,Quantifies the North's economic/technological edge; can normalize as percent-of-national-total for a cleaner classroom read.,OK
The Civil War (1860-1865),8.63,"Explain the significance of the following battles, events, and leaders during the Civil War, including:
• First Battle of Bull Run
• Battle of Shiloh
• Battle of Antietam
• Battle of Gettysburg
• Battle of Vicksburg
• Sherman’s March to the Sea
• Surrender at Appomattox Court House
• David Farragut
• Nathan Bedford Forrest
• Ulysses S. Grant
• Thomas “Stonewall” Jackson
• Robert E. Lee",Casualties at Major Civil War Battles,bar,"Bar chart of total killed, wounded, and missing at major Civil War battles, ranking Gettysburg, Chickamauga, Antietam, and Shiloh among the costliest.","William F. Fox, Regimental Losses in the American Civil War (1889); U.S. War Dept., The War of the Rebellion: Official Records — battle casualty tables (Gettysburg, Antietam, Shiloh, Chickamauga, etc.)",https://ehistory.osu.edu/books/regimental-losses,Public domain (pre-1929 works; U.S. government records),Yes,"William F. Fox, Regimental Losses in the American Civil War, 1861-1865 (Albany, NY: Albany Publishing Co., 1889).",SSP.01; SSP.02,Fox (1889) and the Official Records are both public domain. Note these are 19th-century tabulations; modern historians revise some totals.,OK
The Civil War (1860-1865),8.63,"Explain the significance of the following battles, events, and leaders during the Civil War, including:
• First Battle of Bull Run
• Battle of Shiloh
• Battle of Antietam
• Battle of Gettysburg
• Battle of Vicksburg
• Sherman’s March to the Sea
• Surrender at Appomattox Court House
• David Farragut
• Nathan Bedford Forrest
• Ulysses S. Grant
• Thomas “Stonewall” Jackson
• Robert E. Lee",Civil War Military Deaths: Battle vs. Disease,stacked_bar,"Stacked bar chart of Union (and estimated Confederate) military deaths, separating battle deaths from deaths by disease, with disease the larger share.","Historical Statistics of the United States, Series Y 856-903 (Military personnel and casualties, Civil War) — Union deaths by cause; Confederate estimates from Official Records",https://www.census.gov/library/publications/1975/compendia/hist_stats_colonial-1970.html,Public domain (U.S. federal government work),Yes,"U.S. Bureau of the Census, Historical Statistics of the United States, Colonial Times to 1970 (Washington, DC: GPO, 1975), Series Y 856-903.",SSP.01; SSP.02; SSP.04,Confederate figures are estimates in the record; label them as such. Disease-vs-battle split is a strong analysis prompt.,OK
The Civil War (1860-1865),8.65,"Describe African American involvement in the Union army, including the Massachusetts 54th Regiment at Fort Wagner and the 13th U.S. Colored Troops in the Battle of Nashville. (T.C.A. § 49-6-1006)",U.S. Colored Troops Enlistment by State of Recruitment,bar,"Bar chart of the number of United States Colored Troops credited to each state of recruitment, with border and occupied Southern states contributing large shares.","U.S. War Dept., The War of the Rebellion: A Compilation of the Official Records — United States Colored Troops enrollment tabulated by state of recruitment",https://collections.library.cornell.edu/moa_new/waro.html,"Public domain (U.S. government records, pre-1929)",Yes,"U.S. War Dept., The War of the Rebellion: Official Records of the Union and Confederate Armies (Washington, DC: GPO, 1880-1901).",SSP.01; SSP.02; SSP.06,"Supports the Tennessee-connected USCT standard (Battle of Nashville). Roughly 180,000 total served; source is the public Official Records.",OK
Reconstruction (1865-1877),8.68,"Explain the significance of the 13th, 14th, and 15th Amendments to the U.S. Constitution.","Registered Voters in the South Under the Reconstruction Acts, 1867",grouped_bar,"Grouped bar chart of registered white and Black voters by former Confederate state in 1867, showing Black-registered majorities or near-majorities in several states.","1867 voter-registration returns compiled by military district commanders under the Reconstruction Acts (Report of the Secretary of War; House/Senate Executive Documents, 40th Cong.) — registered voters by state, white and Black",https://memory.loc.gov/ammem/amlaw/lwsllink.html,Public domain (U.S. government records),Yes,"Report of the Secretary of War (1867-68), 40th Congress; military-district voter-registration returns, reproduced in U.S. Congressional documents.",SSP.01; SSP.02; SSP.04,Concretely shows the 14th/15th Amendment franchise in action. Source is the public 1867 military registration returns; confirm exact state figures against the printed Executive Documents before publishing.,OK
Reconstruction (1865-1877),8.72,"Explain the restrictions placed on the rights and opportunities of freedmen, including: racial segregation, black codes, and the efforts of the Freedmen's Bureau to address the problems confronting newly freed slaves.","Freedmen's Bureau Schools and Students, 1865-1870",line,"Line chart of the number of Freedmen's Bureau schools and enrolled pupils from 1865 to 1870, rising steadily as freedpeople pursued education.","Semiannual Reports of the Superintendent of Education, Freedmen's Bureau — number of schools, teachers, and pupils, 1865-1870",https://www.archives.gov/research/african-americans/freedmens-bureau,Public domain (U.S. government records),Yes,"Bureau of Refugees, Freedmen, and Abandoned Lands, Semi-Annual Reports on Schools for Freedmen (Washington, DC: GPO, 1866-1870).",SSP.01; SSP.02,Documents the Bureau's education effort for the freedmen-rights standard. Source is the Bureau's own public reports (National Archives); verify exact counts against the printed reports.,OK
